"FullName","Length"
"C:\Program Files (x86)\Steam\steamapps\common\Badlanders\launcher.exe","186016"
"C:\Program Files (x86)\Steam\steamapps\common\Badlanders\uninst.exe","233696"
"C:\Program Files (x86)\Steam\steamapps\common\Badlanders\Engine\Binaries\Win32\bugrpt.exe","4179616"
"C:\Program Files (x86)\Steam\steamapps\common\Badlanders\Engine\Binaries\Win32\cclibdll.dll","355024"
"C:\Program Files (x86)\Steam\steamapps\common\Badlanders\Engine\Binaries\Win32\CrashHunter_PC3.dll","2293760"
"C:\Program Files (x86)\Steam\steamapps\common\Badlanders\Engine\Binaries\Win32\D3DCompiler_43.dll","2106216"
"C:\Program Files (x86)\Steam\steamapps\common\Badlanders\Engine\Binaries\Win32\D3DCompiler_47.dll","3696072"
"C:\Program Files (x86)\Steam\steamapps\common\Badlanders\Engine\Binaries\Win32\d3dx10_43.dll","470880"
"C:\Program Files (x86)\Steam\steamapps\common\Badlanders\Engine\Binaries\Win32\D3DX9_43.dll","1998168"
"C:\Program Files (x86)\Steam\steamapps\common\Badlanders\Engine\Binaries\Win32\EnvSDKLib.dll","6040576"
"C:\Program Files (x86)\Steam\steamapps\common\Badlanders\Engine\Binaries\Win32\Game.exe","26614960"
"C:\Program Files (x86)\Steam\steamapps\common\Badlanders\Engine\Binaries\Win32\GfeSDK.dll","3208488"
"C:\Program Files (x86)\Steam\steamapps\common\Badlanders\Engine\Binaries\Win32\icudt58.dll","26215936"
"C:\Program Files (x86)\Steam\steamapps\common\Badlanders\Engine\Binaries\Win32\icuuc58.dll","1525248"
"C:\Program Files (x86)\Steam\steamapps\common\Badlanders\Engine\Binaries\Win32\msvcp140_1.dll","31752"
"C:\Program Files (x86)\Steam\steamapps\common\Badlanders\Engine\Binaries\Win32\msvcp140_2.dll","203544"
"C:\Program Files (x86)\Steam\steamapps\common\Badlanders\Engine\Binaries\Win32\msvcp140.dll","619288"
"C:\Program Files (x86)\Steam\steamapps\common\Badlanders\Engine\Binaries\Win32\mydbghelp.dll","1030144"
"C:\Program Files (x86)\Steam\steamapps\common\Badlanders\Engine\Binaries\Win32\NEP2.dll","8743584"
"C:\Program Files (x86)\Steam\steamapps\common\Badlanders\Engine\Binaries\Win32\NEPDaemon.exe","5391520"
"C:\Program Files (x86)\Steam\steamapps\common\Badlanders\Engine\Binaries\Win32\NtUniSdkBase.dll","3076376"
"C:\Program Files (x86)\Steam\steamapps\common\Badlanders\Engine\Binaries\Win32\NtUniSdkSteam.dll","2233088"
"C:\Program Files (x86)\Steam\steamapps\common\Badlanders\Engine\Binaries\Win32\qsec.dll","5928448"
"C:\Program Files (x86)\Steam\steamapps\common\Badlanders\Engine\Binaries\Win32\steam_api.dll","260840"
"C:\Program Files (x86)\Steam\steamapps\common\Badlanders\Engine\Binaries\Win32\vcomp140.dll","148856"
"C:\Program Files (x86)\Steam\steamapps\common\Badlanders\Engine\Binaries\Win32\vcruntime140_1.dll","45064"
"C:\Program Files (x86)\Steam\steamapps\common\Badlanders\Engine\Binaries\Win32\vcruntime140.dll","89584"
"C:\Program Files (x86)\Steam\steamapps\common\Badlanders\Engine\Binaries\Win32\cc\AudioCC.dll","2394320"
"C:\Program Files (x86)\Steam\steamapps\common\Badlanders\Engine\Binaries\Win32\cc\AudioCore.dll","802512"
"C:\Program Files (x86)\Steam\steamapps\common\Badlanders\Engine\Binaries\Win32\cc\AudioEngine.dll","1224400"
"C:\Program Files (x86)\Steam\steamapps\common\Badlanders\Engine\Binaries\Win32\cc\x64\AudioCC.dll","2791632"
"C:\Program Files (x86)\Steam\steamapps\common\Badlanders\Engine\Binaries\Win32\cc\x64\AudioCore.dll","1041104"
"C:\Program Files (x86)\Steam\steamapps\common\Badlanders\Engine\Binaries\Win32\cc\x64\AudioEngine.dll","1558224"
"C:\Program Files (x86)\Steam\steamapps\common\Badlanders\Engine\Binaries\Win32\ccplayer\avcodec-57.dll","3442784"
"C:\Program Files (x86)\Steam\steamapps\common\Badlanders\Engine\Binaries\Win32\ccplayer\avformat-57.dll","855136"
"C:\Program Files (x86)\Steam\steamapps\common\Badlanders\Engine\Binaries\Win32\ccplayer\avutil-55.dll","593504"
"C:\Program Files (x86)\Steam\steamapps\common\Badlanders\Engine\Binaries\Win32\ccplayer\CCLiveDataSdk.dll","1108560"
"C:\Program Files (x86)\Steam\steamapps\common\Badlanders\Engine\Binaries\Win32\ccplayer\CCMsgSdk.dll","1027664"
"C:\Program Files (x86)\Steam\steamapps\common\Badlanders\Engine\Binaries\Win32\ccplayer\ccprotocal.dll","51792"
"C:\Program Files (x86)\Steam\steamapps\common\Badlanders\Engine\Binaries\Win32\ccplayer\CCVideoPlayer.exe","467024"
"C:\Program Files (x86)\Steam\steamapps\common\Badlanders\Engine\Binaries\Win32\ccplayer\iplay.dll","422992"
"C:\Program Files (x86)\Steam\steamapps\common\Badlanders\Engine\Binaries\Win32\ccplayer\libcurl.dll","342680"
"C:\Program Files (x86)\Steam\steamapps\common\Badlanders\Engine\Binaries\Win32\ccplayer\libiconv-2.dll","1058720"
"C:\Program Files (x86)\Steam\steamapps\common\Badlanders\Engine\Binaries\Win32\ccplayer\MLiveCCPlayer.dll","176208"
"C:\Program Files (x86)\Steam\steamapps\common\Badlanders\Engine\Binaries\Win32\ccplayer\MLiveCCPlayer64.dll","192592"
"C:\Program Files (x86)\Steam\steamapps\common\Badlanders\Engine\Binaries\Win32\ccplayer\MLiveCCPlayerApp.exe","726608"
"C:\Program Files (x86)\Steam\steamapps\common\Badlanders\Engine\Binaries\Win32\ccplayer\msvcp100.dll","608080"
"C:\Program Files (x86)\Steam\steamapps\common\Badlanders\Engine\Binaries\Win32\ccplayer\msvcr100.dll","829264"
"C:\Program Files (x86)\Steam\steamapps\common\Badlanders\Engine\Binaries\Win32\ccplayer\mydbghelp.dll","506768"
"C:\Program Files (x86)\Steam\steamapps\common\Badlanders\Engine\Binaries\Win32\ccplayer\p2p_layer.dll","543824"
"C:\Program Files (x86)\Steam\steamapps\common\Badlanders\Engine\Binaries\Win32\ccplayer\pthreadVC2.dll","157264"
"C:\Program Files (x86)\Steam\steamapps\common\Badlanders\Engine\Binaries\Win32\ccplayer\SDL.dll","320152"
"C:\Program Files (x86)\Steam\steamapps\common\Badlanders\Engine\Binaries\Win32\ccplayer\swresample-2.dll","146016"
"C:\Program Files (x86)\Steam\steamapps\common\Badlanders\Engine\Binaries\Win32\ccplayer\swscale-4.dll","561760"
"C:\Program Files (x86)\Steam\steamapps\common\Badlanders\Engine\Binaries\Win32\ccplayer\VideoPlayer.dll","12693072"
"C:\Program Files (x86)\Steam\steamapps\common\Badlanders\Engine\Binaries\Win32\ES2\Angle\libEGL.dll","195584"
"C:\Program Files (x86)\Steam\steamapps\common\Badlanders\Engine\Binaries\Win32\ES2\Angle\libGLESv2.dll","1458688"
"C:\Program Files (x86)\Steam\steamapps\common\Badlanders\Engine\Binaries\Win32\ES2\Arm\libEGL.dll","331776"
"C:\Program Files (x86)\Steam\steamapps\common\Badlanders\Engine\Binaries\Win32\ES2\Arm\libGLESv1_CM.dll","90112"
"C:\Program Files (x86)\Steam\steamapps\common\Badlanders\Engine\Binaries\Win32\ES2\Arm\libGLESv2.dll","290816"
"C:\Program Files (x86)\Steam\steamapps\common\Badlanders\Engine\Binaries\Win32\ES2\PVR\libEGL.dll","260608"
"C:\Program Files (x86)\Steam\steamapps\common\Badlanders\Engine\Binaries\Win32\ES2\PVR\libGLESv2.dll","2141184"
"C:\Program Files (x86)\Steam\steamapps\common\Badlanders\Engine\Binaries\Win32\ES2\PVR_Trace\libEGL.dll","41472"
"C:\Program Files (x86)\Steam\steamapps\common\Badlanders\Engine\Binaries\Win32\ES2\PVR_Trace\libGLESv2.dll","39936"
"C:\Program Files (x86)\Steam\steamapps\common\Badlanders\Engine\Binaries\Win64\astcenc-avx2.exe","452608"
"C:\Program Files (x86)\Steam\steamapps\common\Badlanders\Engine\Binaries\Win64\bugrpt.exe","4176544"
"C:\Program Files (x86)\Steam\steamapps\common\Badlanders\Engine\Binaries\Win64\cclibdll.dll","425680"
"C:\Program Files (x86)\Steam\steamapps\common\Badlanders\Engine\Binaries\Win64\CrashHunter_PC3.dll","2842624"
"C:\Program Files (x86)\Steam\steamapps\common\Badlanders\Engine\Binaries\Win64\CubeMapFilter.exe","1212416"
"C:\Program Files (x86)\Steam\steamapps\common\Badlanders\Engine\Binaries\Win64\CubeMapGen.exe","817664"
"C:\Program Files (x86)\Steam\steamapps\common\Badlanders\Engine\Binaries\Win64\d3d9on12.dll","742912"
"C:\Program Files (x86)\Steam\steamapps\common\Badlanders\Engine\Binaries\Win64\D3DCompiler_43.dll","2526056"
"C:\Program Files (x86)\Steam\steamapps\common\Badlanders\Engine\Binaries\Win64\D3DCompiler_47.dll","4173928"
"C:\Program Files (x86)\Steam\steamapps\common\Badlanders\Engine\Binaries\Win64\D3DX9_43.dll","2401112"
"C:\Program Files (x86)\Steam\steamapps\common\Badlanders\Engine\Binaries\Win64\D3DX9d_43.dll","2686808"
"C:\Program Files (x86)\Steam\steamapps\common\Badlanders\Engine\Binaries\Win64\dbgcore.dll","166576"
"C:\Program Files (x86)\Steam\steamapps\common\Badlanders\Engine\Binaries\Win64\dbghelp.dll","1938072"
"C:\Program Files (x86)\Steam\steamapps\common\Badlanders\Engine\Binaries\Win64\dxcompiler.dll","15377800"
"C:\Program Files (x86)\Steam\steamapps\common\Badlanders\Engine\Binaries\Win64\dxil.dll","1119176"
"C:\Program Files (x86)\Steam\steamapps\common\Badlanders\Engine\Binaries\Win64\errorrpt.exe","307712"
"C:\Program Files (x86)\Steam\steamapps\common\Badlanders\Engine\Binaries\Win64\Game.exe","33532080"
"C:\Program Files (x86)\Steam\steamapps\common\Badlanders\Engine\Binaries\Win64\Half-2_3_d.dll","375296"
"C:\Program Files (x86)\Steam\steamapps\common\Badlanders\Engine\Binaries\Win64\Half-2_3.dll","275968"
"C:\Program Files (x86)\Steam\steamapps\common\Badlanders\Engine\Binaries\Win64\Iex-2_3_d.dll","178688"
"C:\Program Files (x86)\Steam\steamapps\common\Badlanders\Engine\Binaries\Win64\Iex-2_3.dll","68608"
"C:\Program Files (x86)\Steam\steamapps\common\Badlanders\Engine\Binaries\Win64\IexMath-2_3_d.dll","60416"
"C:\Program Files (x86)\Steam\steamapps\common\Badlanders\Engine\Binaries\Win64\IexMath-2_3.dll","15360"
"C:\Program Files (x86)\Steam\steamapps\common\Badlanders\Engine\Binaries\Win64\IlmImf-2_3_d.dll","5570560"
"C:\Program Files (x86)\Steam\steamapps\common\Badlanders\Engine\Binaries\Win64\IlmImf-2_3.dll","2734592"
"C:\Program Files (x86)\Steam\steamapps\common\Badlanders\Engine\Binaries\Win64\IlmImfUtil-2_3_d.dll","424960"
"C:\Program Files (x86)\Steam\steamapps\common\Badlanders\Engine\Binaries\Win64\IlmImfUtil-2_3.dll","106496"
"C:\Program Files (x86)\Steam\steamapps\common\Badlanders\Engine\Binaries\Win64\IlmThread-2_3_d.dll","154624"
"C:\Program Files (x86)\Steam\steamapps\common\Badlanders\Engine\Binaries\Win64\IlmThread-2_3.dll","39936"
"C:\Program Files (x86)\Steam\steamapps\common\Badlanders\Engine\Binaries\Win64\Imath-2_3_d.dll","240128"
"C:\Program Files (x86)\Steam\steamapps\common\Badlanders\Engine\Binaries\Win64\Imath-2_3.dll","75264"
"C:\Program Files (x86)\Steam\steamapps\common\Badlanders\Engine\Binaries\Win64\ispc_texcomp.dll","1578496"
"C:\Program Files (x86)\Steam\steamapps\common\Badlanders\Engine\Binaries\Win64\libenvsdk.dll","5731352"
"C:\Program Files (x86)\Steam\steamapps\common\Badlanders\Engine\Binaries\Win64\libHAPIL.dll","68096"
"C:\Program Files (x86)\Steam\steamapps\common\Badlanders\Engine\Binaries\Win64\msdia140.dll","1635208"
"C:\Program Files (x86)\Steam\steamapps\common\Badlanders\Engine\Binaries\Win64\msvcp140.dll","565648"
"C:\Program Files (x86)\Steam\steamapps\common\Badlanders\Engine\Binaries\Win64\NEP2.dll","9516192"
"C:\Program Files (x86)\Steam\steamapps\common\Badlanders\Engine\Binaries\Win64\NEPDaemon.exe","5812896"
"C:\Program Files (x86)\Steam\steamapps\common\Badlanders\Engine\Binaries\Win64\Newtonsoft.Json.dll","658944"
"C:\Program Files (x86)\Steam\steamapps\common\Badlanders\Engine\Binaries\Win64\NgSocialNet.dll","223744"
"C:\Program Files (x86)\Steam\steamapps\common\Badlanders\Engine\Binaries\Win64\ntunisdk.cfg","11"
"C:\Program Files (x86)\Steam\steamapps\common\Badlanders\Engine\Binaries\Win64\NtUniSdkBase.dll","3744024"
"C:\Program Files (x86)\Steam\steamapps\common\Badlanders\Engine\Binaries\Win64\NtUniSdkSteam.dll","2775296"
"C:\Program Files (x86)\Steam\steamapps\common\Badlanders\Engine\Binaries\Win64\openvr_api.dll","302880"
"C:\Program Files (x86)\Steam\steamapps\common\Badlanders\Engine\Binaries\Win64\PVRTexLib.dll","2907136"
"C:\Program Files (x86)\Steam\steamapps\common\Badlanders\Engine\Binaries\Win64\PVRTrace.dll","1961472"
"C:\Program Files (x86)\Steam\steamapps\common\Badlanders\Engine\Binaries\Win64\qsec.dll","6453760"
"C:\Program Files (x86)\Steam\steamapps\common\Badlanders\Engine\Binaries\Win64\SDL2.dll","1561088"
"C:\Program Files (x86)\Steam\steamapps\common\Badlanders\Engine\Binaries\Win64\steam_api64.dll","290536"
"C:\Program Files (x86)\Steam\steamapps\common\Badlanders\Engine\Binaries\Win64\texconv.exe","51544"
"C:\Program Files (x86)\Steam\steamapps\common\Badlanders\Engine\Binaries\Win64\vcomp140.dll","180624"
"C:\Program Files (x86)\Steam\steamapps\common\Badlanders\Engine\Binaries\Win64\vcruntime140_1.dll","37256"
"C:\Program Files (x86)\Steam\steamapps\common\Badlanders\Engine\Binaries\Win64\vcruntime140.dll","97160"
"C:\Program Files (x86)\Steam\steamapps\common\Badlanders\Engine\Binaries\Win64\WinPixEventRuntime_UAP.dll","34384"
"C:\Program Files (x86)\Steam\steamapps\common\Badlanders\Engine\Binaries\Win64\WinPixEventRuntime.dll","34896"
"C:\Program Files (x86)\Steam\steamapps\common\Badlanders\Engine\Binaries\Win64\zlib.dll","85504"
"C:\Program Files (x86)\Steam\steamapps\common\Badlanders\Engine\Binaries\Win64\cc\AudioCC.dll","2394320"
"C:\Program Files (x86)\Steam\steamapps\common\Badlanders\Engine\Binaries\Win64\cc\AudioCore.dll","802512"
"C:\Program Files (x86)\Steam\steamapps\common\Badlanders\Engine\Binaries\Win64\cc\AudioEngine.dll","1224400"
"C:\Program Files (x86)\Steam\steamapps\common\Badlanders\Engine\Binaries\Win64\cc\x64\AudioCC.dll","2791632"
"C:\Program Files (x86)\Steam\steamapps\common\Badlanders\Engine\Binaries\Win64\cc\x64\AudioCore.dll","1041104"
"C:\Program Files (x86)\Steam\steamapps\common\Badlanders\Engine\Binaries\Win64\cc\x64\AudioEngine.dll","1558224"
"C:\Program Files (x86)\Steam\steamapps\common\Badlanders\Engine\Binaries\Win64\ccplayer\avcodec-57.dll","3442784"
"C:\Program Files (x86)\Steam\steamapps\common\Badlanders\Engine\Binaries\Win64\ccplayer\avformat-57.dll","855136"
"C:\Program Files (x86)\Steam\steamapps\common\Badlanders\Engine\Binaries\Win64\ccplayer\avutil-55.dll","593504"
"C:\Program Files (x86)\Steam\steamapps\common\Badlanders\Engine\Binaries\Win64\ccplayer\CCLiveDataSdk.x64.dll","1429584"
"C:\Program Files (x86)\Steam\steamapps\common\Badlanders\Engine\Binaries\Win64\ccplayer\CCMsgSdk.x64.dll","1376280"
"C:\Program Files (x86)\Steam\steamapps\common\Badlanders\Engine\Binaries\Win64\ccplayer\ccprotocal.dll","42520"
"C:\Program Files (x86)\Steam\steamapps\common\Badlanders\Engine\Binaries\Win64\ccplayer\CCVideoPlayer.exe","374352"
"C:\Program Files (x86)\Steam\steamapps\common\Badlanders\Engine\Binaries\Win64\ccplayer\dbghelp.dll","506768"
"C:\Program Files (x86)\Steam\steamapps\common\Badlanders\Engine\Binaries\Win64\ccplayer\iplay.dll","455704"
"C:\Program Files (x86)\Steam\steamapps\common\Badlanders\Engine\Binaries\Win64\ccplayer\libcurl.dll","342680"
"C:\Program Files (x86)\Steam\steamapps\common\Badlanders\Engine\Binaries\Win64\ccplayer\libiconv-2.dll","1058720"
"C:\Program Files (x86)\Steam\steamapps\common\Badlanders\Engine\Binaries\Win64\ccplayer\MLiveCCPlayer.dll","263192"
"C:\Program Files (x86)\Steam\steamapps\common\Badlanders\Engine\Binaries\Win64\ccplayer\MLiveCCPlayer64.dll","299032"
"C:\Program Files (x86)\Steam\steamapps\common\Badlanders\Engine\Binaries\Win64\ccplayer\MLiveCCPlayerApp.exe","723992"
"C:\Program Files (x86)\Steam\steamapps\common\Badlanders\Engine\Binaries\Win64\ccplayer\msvcp100.dll","608080"
"C:\Program Files (x86)\Steam\steamapps\common\Badlanders\Engine\Binaries\Win64\ccplayer\msvcr100.dll","829264"
"C:\Program Files (x86)\Steam\steamapps\common\Badlanders\Engine\Binaries\Win64\ccplayer\p2p_layer.dll","537112"
"C:\Program Files (x86)\Steam\steamapps\common\Badlanders\Engine\Binaries\Win64\ccplayer\pthreadVC2.dll","157264"
"C:\Program Files (x86)\Steam\steamapps\common\Badlanders\Engine\Binaries\Win64\ccplayer\SDL.dll","320152"
"C:\Program Files (x86)\Steam\steamapps\common\Badlanders\Engine\Binaries\Win64\ccplayer\swresample-2.dll","146016"
"C:\Program Files (x86)\Steam\steamapps\common\Badlanders\Engine\Binaries\Win64\ccplayer\swscale-4.dll","561760"
"C:\Program Files (x86)\Steam\steamapps\common\Badlanders\Engine\Binaries\Win64\ccplayer\VideoPlayer.dll","13914704"
"C:\Program Files (x86)\Steam\steamapps\common\Badlanders\Engine\Config\Collision.bin","25703"
"C:\Program Files (x86)\Steam\steamapps\common\Badlanders\Engine\Config\Graphics.bin","13090"
"C:\Program Files (x86)\Steam\steamapps\common\Badlanders\Engine\Config\Icon.bin","1329"
"C:\Program Files (x86)\Steam\steamapps\common\Badlanders\Engine\Config\NaviAreaToFlag.bin","286"
"C:\Program Files (x86)\Steam\steamapps\common\Badlanders\Engine\Config\NavigateCollision.bin","377"
"C:\Program Files (x86)\Steam\steamapps\common\Badlanders\Engine\Config\Platform.bin","59593"
"C:\Program Files (x86)\Steam\steamapps\common\Badlanders\Engine\Config\Plugins.bin","2876"
"C:\Program Files (x86)\Steam\steamapps\common\Badlanders\Engine\Config\SkeletonSystem.bin","1355"
"C:\Program Files (x86)\Steam\steamapps\common\Badlanders\Engine\Config32\Collision.bin","25703"
"C:\Program Files (x86)\Steam\steamapps\common\Badlanders\Engine\Config32\Graphics.bin","12561"
"C:\Program Files (x86)\Steam\steamapps\common\Badlanders\Engine\Config32\Icon.bin","1329"
"C:\Program Files (x86)\Steam\steamapps\common\Badlanders\Engine\Config32\NaviAreaToFlag.bin","286"
"C:\Program Files (x86)\Steam\steamapps\common\Badlanders\Engine\Config32\NavigateCollision.bin","377"
"C:\Program Files (x86)\Steam\steamapps\common\Badlanders\Engine\Config32\Platform.bin","21464"
"C:\Program Files (x86)\Steam\steamapps\common\Badlanders\Engine\Config32\Plugins.bin","2815"
"C:\Program Files (x86)\Steam\steamapps\common\Badlanders\Engine\Config64\Collision.bin","25703"
"C:\Program Files (x86)\Steam\steamapps\common\Badlanders\Engine\Config64\Graphics.bin","13090"
"C:\Program Files (x86)\Steam\steamapps\common\Badlanders\Engine\Config64\Icon.bin","1329"
"C:\Program Files (x86)\Steam\steamapps\common\Badlanders\Engine\Config64\NaviAreaToFlag.bin","286"
"C:\Program Files (x86)\Steam\steamapps\common\Badlanders\Engine\Config64\NavigateCollision.bin","377"
"C:\Program Files (x86)\Steam\steamapps\common\Badlanders\Engine\Config64\Platform.bin","59593"
"C:\Program Files (x86)\Steam\steamapps\common\Badlanders\Engine\Config64\Plugins.bin","2876"
"C:\Program Files (x86)\Steam\steamapps\common\Badlanders\Engine\Config64\SkeletonSystem.bin","1355"
"C:\Program Files (x86)\Steam\steamapps\common\Badlanders\Package\Config-Messiah2020-07-14-r479258\Collision.bin","25703"
"C:\Program Files (x86)\Steam\steamapps\common\Badlanders\Package\Config-Messiah2020-07-14-r479258\Graphics.bin","12561"
"C:\Program Files (x86)\Steam\steamapps\common\Badlanders\Package\Config-Messiah2020-07-14-r479258\Icon.bin","1329"
"C:\Program Files (x86)\Steam\steamapps\common\Badlanders\Package\Config-Messiah2020-07-14-r479258\NaviAreaToFlag.bin","286"
"C:\Program Files (x86)\Steam\steamapps\common\Badlanders\Package\Config-Messiah2020-07-14-r479258\NavigateCollision.bin","377"
"C:\Program Files (x86)\Steam\steamapps\common\Badlanders\Package\Config-Messiah2020-07-14-r479258\Platform.bin","21464"
"C:\Program Files (x86)\Steam\steamapps\common\Badlanders\Package\Config-Messiah2020-07-14-r479258\Plugins.bin","2815"
"C:\Program Files (x86)\Steam\steamapps\common\Badlanders\Package\Config-Messiah2020-07-14-r479260\Collision.bin","25703"
"C:\Program Files (x86)\Steam\steamapps\common\Badlanders\Package\Config-Messiah2020-07-14-r479260\Graphics.bin","12561"
"C:\Program Files (x86)\Steam\steamapps\common\Badlanders\Package\Config-Messiah2020-07-14-r479260\Icon.bin","1329"
"C:\Program Files (x86)\Steam\steamapps\common\Badlanders\Package\Config-Messiah2020-07-14-r479260\NaviAreaToFlag.bin","286"
"C:\Program Files (x86)\Steam\steamapps\common\Badlanders\Package\Config-Messiah2020-07-14-r479260\NavigateCollision.bin","377"
"C:\Program Files (x86)\Steam\steamapps\common\Badlanders\Package\Config-Messiah2020-07-14-r479260\Platform.bin","21464"
"C:\Program Files (x86)\Steam\steamapps\common\Badlanders\Package\Config-Messiah2020-07-14-r479260\Plugins.bin","2815"
"C:\Program Files (x86)\Steam\steamapps\common\Badlanders\Package\Config-Messiah2021-05-15-r513126\Collision.bin","25703"
"C:\Program Files (x86)\Steam\steamapps\common\Badlanders\Package\Config-Messiah2021-05-15-r513126\Graphics.bin","13025"
"C:\Program Files (x86)\Steam\steamapps\common\Badlanders\Package\Config-Messiah2021-05-15-r513126\Icon.bin","1329"
"C:\Program Files (x86)\Steam\steamapps\common\Badlanders\Package\Config-Messiah2021-05-15-r513126\NaviAreaToFlag.bin","286"
"C:\Program Files (x86)\Steam\steamapps\common\Badlanders\Package\Config-Messiah2021-05-15-r513126\NavigateCollision.bin","377"
"C:\Program Files (x86)\Steam\steamapps\common\Badlanders\Package\Config-Messiah2021-05-15-r513126\Platform.bin","59593"
"C:\Program Files (x86)\Steam\steamapps\common\Badlanders\Package\Config-Messiah2021-05-15-r513126\Plugins.bin","2876"
"C:\Program Files (x86)\Steam\steamapps\common\Badlanders\Package\Config-Messiah2021-05-15-r513126\SkeletonSystem.bin","1355"
"C:\Program Files (x86)\Steam\steamapps\common\Badlanders\Package\Config-Messiah2021-05-15-r513128\Collision.bin","25703"
"C:\Program Files (x86)\Steam\steamapps\common\Badlanders\Package\Config-Messiah2021-05-15-r513128\Graphics.bin","13090"
"C:\Program Files (x86)\Steam\steamapps\common\Badlanders\Package\Config-Messiah2021-05-15-r513128\Icon.bin","1329"
"C:\Program Files (x86)\Steam\steamapps\common\Badlanders\Package\Config-Messiah2021-05-15-r513128\NaviAreaToFlag.bin","286"
"C:\Program Files (x86)\Steam\steamapps\common\Badlanders\Package\Config-Messiah2021-05-15-r513128\NavigateCollision.bin","377"
"C:\Program Files (x86)\Steam\steamapps\common\Badlanders\Package\Config-Messiah2021-05-15-r513128\Platform.bin","59593"
"C:\Program Files (x86)\Steam\steamapps\common\Badlanders\Package\Config-Messiah2021-05-15-r513128\Plugins.bin","2876"
"C:\Program Files (x86)\Steam\steamapps\common\Badlanders\Package\Config-Messiah2021-05-15-r513128\SkeletonSystem.bin","1355"
"C:\Program Files (x86)\Steam\steamapps\common\Badlanders\Package\Config-Messiah2021-05-15-r513130\Collision.bin","25703"
"C:\Program Files (x86)\Steam\steamapps\common\Badlanders\Package\Config-Messiah2021-05-15-r513130\Graphics.bin","13138"
"C:\Program Files (x86)\Steam\steamapps\common\Badlanders\Package\Config-Messiah2021-05-15-r513130\Icon.bin","1496"
"C:\Program Files (x86)\Steam\steamapps\common\Badlanders\Package\Config-Messiah2021-05-15-r513130\NaviAreaToFlag.bin","286"
"C:\Program Files (x86)\Steam\steamapps\common\Badlanders\Package\Config-Messiah2021-05-15-r513130\NavigateCollision.bin","377"
"C:\Program Files (x86)\Steam\steamapps\common\Badlanders\Package\Config-Messiah2021-05-15-r513130\Platform.bin","59593"
"C:\Program Files (x86)\Steam\steamapps\common\Badlanders\Package\Config-Messiah2021-05-15-r513130\Plugins.bin","2934"
"C:\Program Files (x86)\Steam\steamapps\common\Badlanders\Package\Config-Messiah2021-05-15-r513130\SkeletonSystem.bin","1355"
"C:\Program Files (x86)\Steam\steamapps\common\Badlanders\Package\UIScript\c_common_10_ui.plist","5770"
"C:\Program Files (x86)\Steam\steamapps\common\Badlanders\Package\UIScript\c_common_20_ui.plist","1182"
"C:\Program Files (x86)\Steam\steamapps\common\Badlanders\Package\UIScript\c_common_achievement0_ui.plist","613"
"C:\Program Files (x86)\Steam\steamapps\common\Badlanders\Package\UIScript\c_common_attribute0_ui.plist","1777"
"C:\Program Files (x86)\Steam\steamapps\common\Badlanders\Package\UIScript\c_common_camp0_ui.plist","482"
"C:\Program Files (x86)\Steam\steamapps\common\Badlanders\Package\UIScript\c_common_data0_ui.plist","971"
"C:\Program Files (x86)\Steam\steamapps\common\Badlanders\Package\UIScript\c_common_item0_ui.plist","2001"
"C:\Program Files (x86)\Steam\steamapps\common\Badlanders\Package\UIScript\c_common_loading0_ui.plist","1062"
"C:\Program Files (x86)\Steam\steamapps\common\Badlanders\Package\UIScript\c_common_new0_ui.plist","2360"
"C:\Program Files (x86)\Steam\steamapps\common\Badlanders\Package\UIScript\c_common_partner0_ui.plist","451"
"C:\Program Files (x86)\Steam\steamapps\common\Badlanders\Package\UIScript\c_common_pc_10_ui.plist","1254"
"C:\Program Files (x86)\Steam\steamapps\common\Badlanders\Package\UIScript\c_common_pc0_ui.plist","1689"
"C:\Program Files (x86)\Steam\steamapps\common\Badlanders\Package\UIScript\c_common_pop_10_ui.plist","402"
"C:\Program Files (x86)\Steam\steamapps\common\Badlanders\Package\UIScript\c_common_pop0_ui.plist","1254"
"C:\Program Files (x86)\Steam\steamapps\common\Badlanders\Package\UIScript\c_common_replace0_ui.plist","1407"
"C:\Program Files (x86)\Steam\steamapps\common\Badlanders\Package\UIScript\c_common_season0_ui.plist","1068"
"C:\Program Files (x86)\Steam\steamapps\common\Badlanders\Package\UIScript\c_common_share0_ui.plist","887"
"C:\Program Files (x86)\Steam\steamapps\common\Badlanders\Package\UIScript\c_common_v0_ui.plist","527"
"C:\Program Files (x86)\Steam\steamapps\common\Badlanders\Package\UIScript\c_common0_ui.plist","12346"
"C:\Program Files (x86)\Steam\steamapps\common\Badlanders\Package\UIScript\c_gm0_ui.plist","978"
"C:\Program Files (x86)\Steam\steamapps\common\Badlanders\Package\UIScript\c_guide_10_ui.plist","4255"
"C:\Program Files (x86)\Steam\steamapps\common\Badlanders\Package\UIScript\c_guide_20_ui.plist","594"
"C:\Program Files (x86)\Steam\steamapps\common\Badlanders\Package\UIScript\c_guide_dialogue0_ui.plist","532"
"C:\Program Files (x86)\Steam\steamapps\common\Badlanders\Package\UIScript\c_guide_tdm_10_ui.plist","599"
"C:\Program Files (x86)\Steam\steamapps\common\Badlanders\Package\UIScript\c_guide_tdm_20_ui.plist","477"
"C:\Program Files (x86)\Steam\steamapps\common\Badlanders\Package\UIScript\c_guide_tdm_30_ui.plist","358"
"C:\Program Files (x86)\Steam\steamapps\common\Badlanders\Package\UIScript\c_guide_tdm0_ui.plist","671"
"C:\Program Files (x86)\Steam\steamapps\common\Badlanders\Package\UIScript\c_guide0_ui.plist","2706"
"C:\Program Files (x86)\Steam\steamapps\common\Badlanders\Package\UIScript\c_loading0_ui.plist","728"
"C:\Program Files (x86)\Steam\steamapps\common\Badlanders\Package\UIScript\c_login0_ui.plist","2184"
"C:\Program Files (x86)\Steam\steamapps\common\Badlanders\Package\UIScript\c_record0_ui.plist","923"
"C:\Program Files (x86)\Steam\steamapps\common\Badlanders\Package\UIScript\c_setting0_ui.plist","2442"
"C:\Program Files (x86)\Steam\steamapps\common\Badlanders\Package\UIScript\emotion_0000_ui.plist","393"
"C:\Program Files (x86)\Steam\steamapps\common\Badlanders\Package\UIScript\emotion_0010_ui.plist","306"
"C:\Program Files (x86)\Steam\steamapps\common\Badlanders\Package\UIScript\emotion_0020_ui.plist","396"
"C:\Program Files (x86)\Steam\steamapps\common\Badlanders\Package\UIScript\emotion_0030_ui.plist","306"
"C:\Program Files (x86)\Steam\steamapps\common\Badlanders\Package\UIScript\emotion_0040_ui.plist","306"
"C:\Program Files (x86)\Steam\steamapps\common\Badlanders\Package\UIScript\emotion_0080_ui.plist","306"
"C:\Program Files (x86)\Steam\steamapps\common\Badlanders\Package\UIScript\emotion_0090_ui.plist","306"
"C:\Program Files (x86)\Steam\steamapps\common\Badlanders\Package\UIScript\emotion_0110_ui.plist","306"
"C:\Program Files (x86)\Steam\steamapps\common\Badlanders\Package\UIScript\emotion_0140_ui.plist","412"
"C:\Program Files (x86)\Steam\steamapps\common\Badlanders\Package\UIScript\emotion_0150_ui.plist","413"
"C:\Program Files (x86)\Steam\steamapps\common\Badlanders\Package\UIScript\emotion_0170_ui.plist","423"
"C:\Program Files (x86)\Steam\steamapps\common\Badlanders\Package\UIScript\emotion_0180_ui.plist","306"
"C:\Program Files (x86)\Steam\steamapps\common\Badlanders\Package\UIScript\emotion_0210_ui.plist","412"
"C:\Program Files (x86)\Steam\steamapps\common\Badlanders\Package\UIScript\emotion_0230_ui.plist","419"
"C:\Program Files (x86)\Steam\steamapps\common\Badlanders\Package\UIScript\emotion_0240_ui.plist","445"
"C:\Program Files (x86)\Steam\steamapps\common\Badlanders\Package\UIScript\emotion_0250_ui.plist","339"
"C:\Program Files (x86)\Steam\steamapps\common\Badlanders\Package\UIScript\emotion_0260_ui.plist","338"
"C:\Program Files (x86)\Steam\steamapps\common\Badlanders\Package\UIScript\emotion_0270_ui.plist","338"
"C:\Program Files (x86)\Steam\steamapps\common\Badlanders\Package\UIScript\emotion_0280_ui.plist","339"
"C:\Program Files (x86)\Steam\steamapps\common\Badlanders\Package\UIScript\emotion_0290_ui.plist","340"
"C:\Program Files (x86)\Steam\steamapps\common\Badlanders\Package\UIScript\emotion_0320_ui.plist","413"
"C:\Program Files (x86)\Steam\steamapps\common\Badlanders\Package\UIScript\emotion_0330_ui.plist","398"
"C:\Program Files (x86)\Steam\steamapps\common\Badlanders\Package\UIScript\emotion_0340_ui.plist","411"
"C:\Program Files (x86)\Steam\steamapps\common\Badlanders\Package\UIScript\emotion_0350_ui.plist","464"
"C:\Program Files (x86)\Steam\steamapps\common\Badlanders\Package\UIScript\emotion_0470_ui.plist","306"
"C:\Program Files (x86)\Steam\steamapps\common\Badlanders\Package\UIScript\emotion_0540_ui.plist","306"
"C:\Program Files (x86)\Steam\steamapps\common\Badlanders\Package\UIScript\emotion_0550_ui.plist","337"
"C:\Program Files (x86)\Steam\steamapps\common\Badlanders\Package\UIScript\emotion_0750_ui.plist","340"
"C:\Program Files (x86)\Steam\steamapps\common\Badlanders\Package\UIScript\emotion_0760_ui.plist","468"
"C:\Program Files (x86)\Steam\steamapps\common\Badlanders\Package\UIScript\emotion_0800_ui.plist","433"
"C:\Program Files (x86)\Steam\steamapps\common\Badlanders\Package\UIScript\emotion_0810_ui.plist","444"
"C:\Program Files (x86)\Steam\steamapps\common\Badlanders\Package\UIScript\emotion_0820_ui.plist","339"
"C:\Program Files (x86)\Steam\steamapps\common\Badlanders\Package\UIScript\emotion_0860_ui.plist","414"
"C:\Program Files (x86)\Steam\steamapps\common\Badlanders\Package\UIScript\emotion_0870_ui.plist","419"
"C:\Program Files (x86)\Steam\steamapps\common\Badlanders\Package\UIScript\emotion_0880_ui.plist","340"
"C:\Program Files (x86)\Steam\steamapps\common\Badlanders\Package\UIScript\emotion_0890_ui.plist","454"
"C:\Program Files (x86)\Steam\steamapps\common\Badlanders\Package\UIScript\emotion_0900_ui.plist","396"
"C:\Program Files (x86)\Steam\steamapps\common\Badlanders\Package\UIScript\emotion_0910_ui.plist","474"
"C:\Program Files (x86)\Steam\steamapps\common\Badlanders\Package\UIScript\emotion_0930_ui.plist","463"
"C:\Program Files (x86)\Steam\steamapps\common\Badlanders\Package\UIScript\emotion_0970_ui.plist","443"
"C:\Program Files (x86)\Steam\steamapps\common\Badlanders\Package\UIScript\emotion_0980_ui.plist","470"
"C:\Program Files (x86)\Steam\steamapps\common\Badlanders\Package\UIScript\emotion_0990_ui.plist","443"
"C:\Program Files (x86)\Steam\steamapps\common\Badlanders\Package\UIScript\emotion_1090_ui.plist","306"
"C:\Program Files (x86)\Steam\steamapps\common\Badlanders\Package\UIScript\emotion_1100_ui.plist","446"
"C:\Program Files (x86)\Steam\steamapps\common\Badlanders\Package\UIScript\emotion_1130_ui.plist","390"
"C:\Program Files (x86)\Steam\steamapps\common\Badlanders\Package\UIScript\emotion_1170_ui.plist","445"
"C:\Program Files (x86)\Steam\steamapps\common\Badlanders\Package\UIScript\emotion_1190_ui.plist","449"
"C:\Program Files (x86)\Steam\steamapps\common\Badlanders\Package\UIScript\emotion_1200_ui.plist","306"
"C:\Program Files (x86)\Steam\steamapps\common\Badlanders\Package\UIScript\emotion_1210_ui.plist","461"
"C:\Program Files (x86)\Steam\steamapps\common\Badlanders\Package\UIScript\emotion_1220_ui.plist","306"
"C:\Program Files (x86)\Steam\steamapps\common\Badlanders\Package\UIScript\emotion_1230_ui.plist","424"
"C:\Program Files (x86)\Steam\steamapps\common\Badlanders\Package\UIScript\emotion_1240_ui.plist","419"
"C:\Program Files (x86)\Steam\steamapps\common\Badlanders\Package\UIScript\emotion_1250_ui.plist","306"
"C:\Program Files (x86)\Steam\steamapps\common\Badlanders\Package\UIScript\emotion_1270_ui.plist","440"
"C:\Program Files (x86)\Steam\steamapps\common\Badlanders\Package\UIScript\emotion_1280_ui.plist","306"
"C:\Program Files (x86)\Steam\steamapps\common\Badlanders\Package\UIScript\emotion_1290_ui.plist","306"
"C:\Program Files (x86)\Steam\steamapps\common\Badlanders\Package\UIScript\emotion_1300_ui.plist","448"
"C:\Program Files (x86)\Steam\steamapps\common\Badlanders\Package\UIScript\emotion_1310_ui.plist","306"
"C:\Program Files (x86)\Steam\steamapps\common\Badlanders\Package\UIScript\emotion_1320_ui.plist","306"
"C:\Program Files (x86)\Steam\steamapps\common\Badlanders\Package\UIScript\emotion_1330_ui.plist","306"
"C:\Program Files (x86)\Steam\steamapps\common\Badlanders\Package\UIScript\emotion_1340_ui.plist","306"
"C:\Program Files (x86)\Steam\steamapps\common\Badlanders\Package\UIScript\emotion_1350_ui.plist","306"
"C:\Program Files (x86)\Steam\steamapps\common\Badlanders\Package\UIScript\emotion_1360_ui.plist","306"
"C:\Program Files (x86)\Steam\steamapps\common\Badlanders\Package\UIScript\emotion_1370_ui.plist","306"
"C:\Program Files (x86)\Steam\steamapps\common\Badlanders\Package\UIScript\emotion_1380_ui.plist","306"
"C:\Program Files (x86)\Steam\steamapps\common\Badlanders\Package\UIScript\emotion_1390_ui.plist","306"
"C:\Program Files (x86)\Steam\steamapps\common\Badlanders\Package\UIScript\emotion_1400_ui.plist","306"
"C:\Program Files (x86)\Steam\steamapps\common\Badlanders\Package\UIScript\emotion_1410_ui.plist","306"
"C:\Program Files (x86)\Steam\steamapps\common\Badlanders\Package\UIScript\emotion_1420_ui.plist","306"
"C:\Program Files (x86)\Steam\steamapps\common\Badlanders\Package\UIScript\emotion_1430_ui.plist","306"
"C:\Program Files (x86)\Steam\steamapps\common\Badlanders\Package\UIScript\emotion_1440_ui.plist","306"
"C:\Program Files (x86)\Steam\steamapps\common\Badlanders\Package\UIScript\emotion_1450_ui.plist","306"
"C:\Program Files (x86)\Steam\steamapps\common\Badlanders\Package\UIScript\emotion_1460_ui.plist","306"
"C:\Program Files (x86)\Steam\steamapps\common\Badlanders\Package\UIScript\emotion_1470_ui.plist","306"
"C:\Program Files (x86)\Steam\steamapps\common\Badlanders\Package\UIScript\emotion_1480_ui.plist","306"
"C:\Program Files (x86)\Steam\steamapps\common\Badlanders\Package\UIScript\emotion_1490_ui.plist","306"
"C:\Program Files (x86)\Steam\steamapps\common\Badlanders\Package\UIScript\emotion_1500_ui.plist","306"
"C:\Program Files (x86)\Steam\steamapps\common\Badlanders\Package\UIScript\emotion_1510_ui.plist","306"
"C:\Program Files (x86)\Steam\steamapps\common\Badlanders\Package\UIScript\emotion_1520_ui.plist","306"
"C:\Program Files (x86)\Steam\steamapps\common\Badlanders\Package\UIScript\emotion_1530_ui.plist","306"
"C:\Program Files (x86)\Steam\steamapps\common\Badlanders\Package\UIScript\emotion_1540_ui.plist","306"
"C:\Program Files (x86)\Steam\steamapps\common\Badlanders\Package\UIScript\emotion_1550_ui.plist","306"
"C:\Program Files (x86)\Steam\steamapps\common\Badlanders\Package\UIScript\emotion_1560_ui.plist","306"
"C:\Program Files (x86)\Steam\steamapps\common\Badlanders\Package\UIScript\emotion_1570_ui.plist","306"
"C:\Program Files (x86)\Steam\steamapps\common\Badlanders\Package\UIScript\emotion_1580_ui.plist","306"
"C:\Program Files (x86)\Steam\steamapps\common\Badlanders\Package\UIScript\emotion_1590_ui.plist","311"
"C:\Program Files (x86)\Steam\steamapps\common\Badlanders\Package\UIScript\emotion_1600_ui.plist","311"
"C:\Program Files (x86)\Steam\steamapps\common\Badlanders\Package\UIScript\emotion_1610_ui.plist","311"
"C:\Program Files (x86)\Steam\steamapps\common\Badlanders\Package\UIScript\emotion_1620_ui.plist","311"
"C:\Program Files (x86)\Steam\steamapps\common\Badlanders\Package\UIScript\emotion_1630_ui.plist","311"
"C:\Program Files (x86)\Steam\steamapps\common\Badlanders\Package\UIScript\emotion_1640_ui.plist","311"
"C:\Program Files (x86)\Steam\steamapps\common\Badlanders\Package\UIScript\emotion_1650_ui.plist","311"
"C:\Program Files (x86)\Steam\steamapps\common\Badlanders\Package\UIScript\emotion_1660_ui.plist","311"
"C:\Program Files (x86)\Steam\steamapps\common\Badlanders\Package\UIScript\emotion_1670_ui.plist","311"
"C:\Program Files (x86)\Steam\steamapps\common\Badlanders\Package\UIScript\emotion_1680_ui.plist","311"
"C:\Program Files (x86)\Steam\steamapps\common\Badlanders\Package\UIScript\emotion_1690_ui.plist","311"
"C:\Program Files (x86)\Steam\steamapps\common\Badlanders\Package\UIScript\emotion_1700_ui.plist","306"
"C:\Program Files (x86)\Steam\steamapps\common\Badlanders\Package\UIScript\emotion_1710_ui.plist","306"
"C:\Program Files (x86)\Steam\steamapps\common\Badlanders\Package\UIScript\emotion_1720_ui.plist","306"
"C:\Program Files (x86)\Steam\steamapps\common\Badlanders\Package\UIScript\emotion_1730_ui.plist","306"
"C:\Program Files (x86)\Steam\steamapps\common\Badlanders\Package\UIScript\emotion_1740_ui.plist","311"
"C:\Program Files (x86)\Steam\steamapps\common\Badlanders\Package\UIScript\emotion_1750_ui.plist","311"
"C:\Program Files (x86)\Steam\steamapps\common\Badlanders\Package\UIScript\emotion_1760_ui.plist","311"
"C:\Program Files (x86)\Steam\steamapps\common\Badlanders\Package\UIScript\emotion_1770_ui.plist","311"
"C:\Program Files (x86)\Steam\steamapps\common\Badlanders\Package\UIScript\emotion_1780_ui.plist","311"
"C:\Program Files (x86)\Steam\steamapps\common\Badlanders\Package\UIScript\emotion_1790_ui.plist","306"
"C:\Program Files (x86)\Steam\steamapps\common\Badlanders\Package\UIScript\emotion_1800_ui.plist","306"
"C:\Program Files (x86)\Steam\steamapps\common\Badlanders\Package\UIScript\emotion_1810_ui.plist","306"
"C:\Program Files (x86)\Steam\steamapps\common\Badlanders\Package\UIScript\emotion_1820_ui.plist","306"
"C:\Program Files (x86)\Steam\steamapps\common\Badlanders\Package\UIScript\emotion_1830_ui.plist","306"
"C:\Program Files (x86)\Steam\steamapps\common\Badlanders\Package\UIScript\emotion_1840_ui.plist","306"
"C:\Program Files (x86)\Steam\steamapps\common\Badlanders\Package\UIScript\emotion_1850_ui.plist","306"
"C:\Program Files (x86)\Steam\steamapps\common\Badlanders\Package\UIScript\emotion_1860_ui.plist","306"
"C:\Program Files (x86)\Steam\steamapps\common\Badlanders\Package\UIScript\emotion_1870_ui.plist","306"
"C:\Program Files (x86)\Steam\steamapps\common\Badlanders\Package\UIScript\emotion_1880_ui.plist","306"
"C:\Program Files (x86)\Steam\steamapps\common\Badlanders\Package\UIScript\emotion_1890_ui.plist","306"
"C:\Program Files (x86)\Steam\steamapps\common\Badlanders\Package\UIScript\emotion_1900_ui.plist","306"
"C:\Program Files (x86)\Steam\steamapps\common\Badlanders\Package\UIScript\emotion_1910_ui.plist","306"
"C:\Program Files (x86)\Steam\steamapps\common\Badlanders\Package\UIScript\emotion_1920_ui.plist","311"
"C:\Program Files (x86)\Steam\steamapps\common\Badlanders\Package\UIScript\emotion_1930_ui.plist","306"
"C:\Program Files (x86)\Steam\steamapps\common\Badlanders\Package\UIScript\emotion_1940_ui.plist","306"
"C:\Program Files (x86)\Steam\steamapps\common\Badlanders\Package\UIScript\emotion_1950_ui.plist","306"
"C:\Program Files (x86)\Steam\steamapps\common\Badlanders\Package\UIScript\emotion_1960_ui.plist","306"
"C:\Program Files (x86)\Steam\steamapps\common\Badlanders\Package\UIScript\emotion_1970_ui.plist","306"
"C:\Program Files (x86)\Steam\steamapps\common\Badlanders\Package\UIScript\emotion_1980_ui.plist","306"
"C:\Program Files (x86)\Steam\steamapps\common\Badlanders\Package\UIScript\emotion_1990_ui.plist","306"
"C:\Program Files (x86)\Steam\steamapps\common\Badlanders\Package\UIScript\emotion_2000_ui.plist","305"
"C:\Program Files (x86)\Steam\steamapps\common\Badlanders\Package\UIScript\emotion_2010_ui.plist","311"
"C:\Program Files (x86)\Steam\steamapps\common\Badlanders\Package\UIScript\emotion_2020_ui.plist","306"
"C:\Program Files (x86)\Steam\steamapps\common\Badlanders\Package\UIScript\emotion_2030_ui.plist","311"
"C:\Program Files (x86)\Steam\steamapps\common\Badlanders\Package\UIScript\emotion_2040_ui.plist","306"
"C:\Program Files (x86)\Steam\steamapps\common\Badlanders\Package\UIScript\emotion_2050_ui.plist","311"
"C:\Program Files (x86)\Steam\steamapps\common\Badlanders\Package\UIScript\emotion_2060_ui.plist","311"
"C:\Program Files (x86)\Steam\steamapps\common\Badlanders\Package\UIScript\emotion_2070_ui.plist","311"
"C:\Program Files (x86)\Steam\steamapps\common\Badlanders\Package\UIScript\emotion_2080_ui.plist","311"
"C:\Program Files (x86)\Steam\steamapps\common\Badlanders\Package\UIScript\emotion_2090_ui.plist","308"
"C:\Program Files (x86)\Steam\steamapps\common\Badlanders\Package\UIScript\emotion_2100_ui.plist","311"
"C:\Program Files (x86)\Steam\steamapps\common\Badlanders\Package\UIScript\emotion_2110_ui.plist","311"
"C:\Program Files (x86)\Steam\steamapps\common\Badlanders\Package\UIScript\emotion_2120_ui.plist","311"
"C:\Program Files (x86)\Steam\steamapps\common\Badlanders\Package\UIScript\emotion_2130_ui.plist","306"
"C:\Program Files (x86)\Steam\steamapps\common\Badlanders\Package\UIScript\emotion_2140_ui.plist","306"
"C:\Program Files (x86)\Steam\steamapps\common\Badlanders\Package\UIScript\emotion_2150_ui.plist","306"
"C:\Program Files (x86)\Steam\steamapps\common\Badlanders\Package\UIScript\emotion_2160_ui.plist","311"
"C:\Program Files (x86)\Steam\steamapps\common\Badlanders\Package\UIScript\emotion_2170_ui.plist","306"
"C:\Program Files (x86)\Steam\steamapps\common\Badlanders\Package\UIScript\emotion_2180_ui.plist","311"
"C:\Program Files (x86)\Steam\steamapps\common\Badlanders\Package\UIScript\emotion_2190_ui.plist","311"
"C:\Program Files (x86)\Steam\steamapps\common\Badlanders\Package\UIScript\emotion_2200_ui.plist","306"
"C:\Program Files (x86)\Steam\steamapps\common\Badlanders\Package\UIScript\ig_common_10_ui.plist","1661"
"C:\Program Files (x86)\Steam\steamapps\common\Badlanders\Package\UIScript\ig_common_challenge0_ui.plist","865"
"C:\Program Files (x86)\Steam\steamapps\common\Badlanders\Package\UIScript\ig_common_home0_ui.plist","1116"
"C:\Program Files (x86)\Steam\steamapps\common\Badlanders\Package\UIScript\ig_common_key_pc0_ui.plist","3258"
"C:\Program Files (x86)\Steam\steamapps\common\Badlanders\Package\UIScript\ig_common_pc_10_ui.plist","528"
"C:\Program Files (x86)\Steam\steamapps\common\Badlanders\Package\UIScript\ig_common_pc_20_ui.plist","320"
"C:\Program Files (x86)\Steam\steamapps\common\Badlanders\Package\UIScript\ig_common_pc0_ui.plist","2773"
"C:\Program Files (x86)\Steam\steamapps\common\Badlanders\Package\UIScript\ig_common_room0_ui.plist","705"
"C:\Program Files (x86)\Steam\steamapps\common\Badlanders\Package\UIScript\ig_common_shop0_ui.plist","437"
"C:\Program Files (x86)\Steam\steamapps\common\Badlanders\Package\UIScript\ig_common_train0_ui.plist","778"
"C:\Program Files (x86)\Steam\steamapps\common\Badlanders\Package\UIScript\ig_common0_ui.plist","5017"
"C:\Program Files (x86)\Steam\steamapps\common\Badlanders\Package\UIScript\ig_main_10_ui.plist","4018"
"C:\Program Files (x86)\Steam\steamapps\common\Badlanders\Package\UIScript\ig_main_20_ui.plist","1046"
"C:\Program Files (x86)\Steam\steamapps\common\Badlanders\Package\UIScript\ig_main0_ui.plist","6788"
"C:\Program Files (x86)\Steam\steamapps\common\Badlanders\Package\UIScript\ig_map0_ui.plist","1515"
"C:\Program Files (x86)\Steam\steamapps\common\Badlanders\Package\UIScript\ig_result_info0_ui.plist","1236"
"C:\Program Files (x86)\Steam\steamapps\common\Badlanders\Package\UIScript\ig_result_playback0_ui.plist","629"
"C:\Program Files (x86)\Steam\steamapps\common\Badlanders\Package\UIScript\ig_result0_ui.plist","3201"
"C:\Program Files (x86)\Steam\steamapps\common\Badlanders\Package\UIScript\ig_scene_10_ui.plist","1117"
"C:\Program Files (x86)\Steam\steamapps\common\Badlanders\Package\UIScript\ig_scene_password0_ui.plist","676"
"C:\Program Files (x86)\Steam\steamapps\common\Badlanders\Package\UIScript\ig_scene_pvp0_ui.plist","457"
"C:\Program Files (x86)\Steam\steamapps\common\Badlanders\Package\UIScript\ig_scene0_ui.plist","4509"
"C:\Program Files (x86)\Steam\steamapps\common\Badlanders\Package\UIScript\ig_tdm_10_ui.plist","1017"
"C:\Program Files (x86)\Steam\steamapps\common\Badlanders\Package\UIScript\ig_tdm0_ui.plist","3530"
"C:\Program Files (x86)\Steam\steamapps\common\Badlanders\Package\UIScript\ig_watch0_ui.plist","890"
"C:\Program Files (x86)\Steam\steamapps\common\Badlanders\Package\UIScript\og_achievement0_ui.plist","1210"
"C:\Program Files (x86)\Steam\steamapps\common\Badlanders\Package\UIScript\og_activity_2022_december_christmas_lottery0_ui.plist","676"
"C:\Program Files (x86)\Steam\steamapps\common\Badlanders\Package\UIScript\og_activity_2022_december_christmas_recharge0_ui.plist","1149"
"C:\Program Files (x86)\Steam\steamapps\common\Badlanders\Package\UIScript\og_activity_2022_december_snowfestival_gun0_ui.plist","822"
"C:\Program Files (x86)\Steam\steamapps\common\Badlanders\Package\UIScript\og_activity_2022_december_snowfestival_overview0_ui.plist","855"
"C:\Program Files (x86)\Steam\steamapps\common\Badlanders\Package\UIScript\og_activity_2022_december_snowfestival0_ui.plist","887"
"C:\Program Files (x86)\Steam\steamapps\common\Badlanders\Package\UIScript\og_activity_2022_november_mysteryshop_black0_ui.plist","1214"
"C:\Program Files (x86)\Steam\steamapps\common\Badlanders\Package\UIScript\og_activity_2022_october_hallowmas0_ui.plist","801"
"C:\Program Files (x86)\Steam\steamapps\common\Badlanders\Package\UIScript\og_activity_2022_october_lottery0_ui.plist","1855"
"C:\Program Files (x86)\Steam\steamapps\common\Badlanders\Package\UIScript\og_activity_2022_october_lucky_wheel0_ui.plist","398"
"C:\Program Files (x86)\Steam\steamapps\common\Badlanders\Package\UIScript\og_activity_2022_october_overview0_ui.plist","771"
"C:\Program Files (x86)\Steam\steamapps\common\Badlanders\Package\UIScript\og_activity_2023_feb_lucky_wheel0_ui.plist","407"
"C:\Program Files (x86)\Steam\steamapps\common\Badlanders\Package\UIScript\og_activity_2023_feb_valentine_gun0_ui.plist","1054"
"C:\Program Files (x86)\Steam\steamapps\common\Badlanders\Package\UIScript\og_activity_2023_guardianbeast_lottery0_ui.plist","621"
"C:\Program Files (x86)\Steam\steamapps\common\Badlanders\Package\UIScript\og_activity_2023_jan_daily_redpacket0_ui.plist","930"
"C:\Program Files (x86)\Steam\steamapps\common\Badlanders\Package\UIScript\og_activity_2023_jan_rabbit_lottery0_ui.plist","839"
"C:\Program Files (x86)\Steam\steamapps\common\Badlanders\Package\UIScript\og_activity_2023_jan_springfestival_gun0_ui.plist","731"
"C:\Program Files (x86)\Steam\steamapps\common\Badlanders\Package\UIScript\og_activity_2023_mar_giftbox_gun0_ui.plist","599"
"C:\Program Files (x86)\Steam\steamapps\common\Badlanders\Package\UIScript\og_activity_august_totempoles0_ui.plist","849"
"C:\Program Files (x86)\Steam\steamapps\common\Badlanders\Package\UIScript\og_activity_benefit_lottery0_ui.plist","1360"
"C:\Program Files (x86)\Steam\steamapps\common\Badlanders\Package\UIScript\og_activity_benefit_notice0_ui.plist","550"
"C:\Program Files (x86)\Steam\steamapps\common\Badlanders\Package\UIScript\og_activity_common0_ui.plist","808"
"C:\Program Files (x86)\Steam\steamapps\common\Badlanders\Package\UIScript\og_activity_community0_ui.plist","594"
"C:\Program Files (x86)\Steam\steamapps\common\Badlanders\Package\UIScript\og_activity_follow_badlanders0_ui.plist","600"
"C:\Program Files (x86)\Steam\steamapps\common\Badlanders\Package\UIScript\og_activity_h50_ui.plist","552"
"C:\Program Files (x86)\Steam\steamapps\common\Badlanders\Package\UIScript\og_activity_horus_10_ui.plist","664"
"C:\Program Files (x86)\Steam\steamapps\common\Badlanders\Package\UIScript\og_activity_horus0_ui.plist","1237"
"C:\Program Files (x86)\Steam\steamapps\common\Badlanders\Package\UIScript\og_activity_july_beak0_ui.plist","1113"
"C:\Program Files (x86)\Steam\steamapps\common\Badlanders\Package\UIScript\og_activity_lottery0_ui.plist","881"
"C:\Program Files (x86)\Steam\steamapps\common\Badlanders\Package\UIScript\og_activity_lucky_wheel0_ui.plist","721"
"C:\Program Files (x86)\Steam\steamapps\common\Badlanders\Package\UIScript\og_activity_newbie0_ui.plist","614"
"C:\Program Files (x86)\Steam\steamapps\common\Badlanders\Package\UIScript\og_activity_newhand_manual0_ui.plist","1130"
"C:\Program Files (x86)\Steam\steamapps\common\Badlanders\Package\UIScript\og_activity_newhand0_ui.plist","1404"
"C:\Program Files (x86)\Steam\steamapps\common\Badlanders\Package\UIScript\og_activity_pop0_ui.plist","664"
"C:\Program Files (x86)\Steam\steamapps\common\Badlanders\Package\UIScript\og_activity_return_10_ui.plist","866"
"C:\Program Files (x86)\Steam\steamapps\common\Badlanders\Package\UIScript\og_activity_return_20_ui.plist","765"
"C:\Program Files (x86)\Steam\steamapps\common\Badlanders\Package\UIScript\og_activity_return0_ui.plist","1199"
"C:\Program Files (x86)\Steam\steamapps\common\Badlanders\Package\UIScript\og_activity_reunion0_ui.plist","1772"
"C:\Program Files (x86)\Steam\steamapps\common\Badlanders\Package\UIScript\og_activity_s6_preheat_camp0_ui.plist","975"
"C:\Program Files (x86)\Steam\steamapps\common\Badlanders\Package\UIScript\og_activity_s6_preheat0_ui.plist","933"
"C:\Program Files (x86)\Steam\steamapps\common\Badlanders\Package\UIScript\og_activity_s7_preheat0_ui.plist","512"
"C:\Program Files (x86)\Steam\steamapps\common\Badlanders\Package\UIScript\og_activity_share0_ui.plist","400"
"C:\Program Files (x86)\Steam\steamapps\common\Badlanders\Package\UIScript\og_activity_unknownmap0_ui.plist","1156"
"C:\Program Files (x86)\Steam\steamapps\common\Badlanders\Package\UIScript\og_activity_valentine0_ui.plist","320"
"C:\Program Files (x86)\Steam\steamapps\common\Badlanders\Package\UIScript\og_activity0_ui.plist","1427"
"C:\Program Files (x86)\Steam\steamapps\common\Badlanders\Package\UIScript\og_award_10_ui.plist","1178"
"C:\Program Files (x86)\Steam\steamapps\common\Badlanders\Package\UIScript\og_award0_ui.plist","1806"
"C:\Program Files (x86)\Steam\steamapps\common\Badlanders\Package\UIScript\og_backpack0_ui.plist","315"
"C:\Program Files (x86)\Steam\steamapps\common\Badlanders\Package\UIScript\og_camp_10_ui.plist","570"
"C:\Program Files (x86)\Steam\steamapps\common\Badlanders\Package\UIScript\og_camp_mainline_10_ui.plist","365"
"C:\Program Files (x86)\Steam\steamapps\common\Badlanders\Package\UIScript\og_camp_mainline0_ui.plist","1447"
"C:\Program Files (x86)\Steam\steamapps\common\Badlanders\Package\UIScript\og_camp_pop0_ui.plist","717"
"C:\Program Files (x86)\Steam\steamapps\common\Badlanders\Package\UIScript\og_camp_select0_ui.plist","2114"
"C:\Program Files (x86)\Steam\steamapps\common\Badlanders\Package\UIScript\og_cashgift0_ui.plist","850"
"C:\Program Files (x86)\Steam\steamapps\common\Badlanders\Package\UIScript\og_challenge_peak_10_ui.plist","1985"
"C:\Program Files (x86)\Steam\steamapps\common\Badlanders\Package\UIScript\og_challenge_peak0_ui.plist","2550"
"C:\Program Files (x86)\Steam\steamapps\common\Badlanders\Package\UIScript\og_challenge0_ui.plist","3429"
"C:\Program Files (x86)\Steam\steamapps\common\Badlanders\Package\UIScript\og_chat_new0_ui.plist","1470"
"C:\Program Files (x86)\Steam\steamapps\common\Badlanders\Package\UIScript\og_chat0_ui.plist","2752"
"C:\Program Files (x86)\Steam\steamapps\common\Badlanders\Package\UIScript\og_collect0_ui.plist","2308"
"C:\Program Files (x86)\Steam\steamapps\common\Badlanders\Package\UIScript\og_common_10_ui.plist","4664"
"C:\Program Files (x86)\Steam\steamapps\common\Badlanders\Package\UIScript\og_common_20_ui.plist","2279"
"C:\Program Files (x86)\Steam\steamapps\common\Badlanders\Package\UIScript\og_common_avg0_ui.plist","881"
"C:\Program Files (x86)\Steam\steamapps\common\Badlanders\Package\UIScript\og_common_camp0_ui.plist","383"
"C:\Program Files (x86)\Steam\steamapps\common\Badlanders\Package\UIScript\og_common_challenge0_ui.plist","683"
"C:\Program Files (x86)\Steam\steamapps\common\Badlanders\Package\UIScript\og_common_gift0_ui.plist","798"
"C:\Program Files (x86)\Steam\steamapps\common\Badlanders\Package\UIScript\og_common_interface0_ui.plist","494"
"C:\Program Files (x86)\Steam\steamapps\common\Badlanders\Package\UIScript\og_common_menu0_ui.plist","559"
"C:\Program Files (x86)\Steam\steamapps\common\Badlanders\Package\UIScript\og_common_new0_ui.plist","1735"
"C:\Program Files (x86)\Steam\steamapps\common\Badlanders\Package\UIScript\og_common_pc0_ui.plist","1800"
"C:\Program Files (x86)\Steam\steamapps\common\Badlanders\Package\UIScript\og_common_rank0_ui.plist","869"
"C:\Program Files (x86)\Steam\steamapps\common\Badlanders\Package\UIScript\og_common_replace0_ui.plist","1645"
"C:\Program Files (x86)\Steam\steamapps\common\Badlanders\Package\UIScript\og_common0_ui.plist","5424"
"C:\Program Files (x86)\Steam\steamapps\common\Badlanders\Package\UIScript\og_crafting_10_ui.plist","524"
"C:\Program Files (x86)\Steam\steamapps\common\Badlanders\Package\UIScript\og_crafting0_ui.plist","1716"
"C:\Program Files (x86)\Steam\steamapps\common\Badlanders\Package\UIScript\og_credit0_ui.plist","1840"
"C:\Program Files (x86)\Steam\steamapps\common\Badlanders\Package\UIScript\og_download0_ui.plist","808"
"C:\Program Files (x86)\Steam\steamapps\common\Badlanders\Package\UIScript\og_friend0_ui.plist","2162"
"C:\Program Files (x86)\Steam\steamapps\common\Badlanders\Package\UIScript\og_guide0_ui.plist","705"
"C:\Program Files (x86)\Steam\steamapps\common\Badlanders\Package\UIScript\og_hall_10_ui.plist","1775"
"C:\Program Files (x86)\Steam\steamapps\common\Badlanders\Package\UIScript\og_hall_20mission_new0_ui.plist","390"
"C:\Program Files (x86)\Steam\steamapps\common\Badlanders\Package\UIScript\og_hall_20mission0_ui.plist","930"
"C:\Program Files (x86)\Steam\steamapps\common\Badlanders\Package\UIScript\og_hall_challenge_10_ui.plist","425"
"C:\Program Files (x86)\Steam\steamapps\common\Badlanders\Package\UIScript\og_hall_challenge0_ui.plist","1783"
"C:\Program Files (x86)\Steam\steamapps\common\Badlanders\Package\UIScript\og_hall_gift0_ui.plist","369"
"C:\Program Files (x86)\Steam\steamapps\common\Badlanders\Package\UIScript\og_hall_pc0_ui.plist","3333"
"C:\Program Files (x86)\Steam\steamapps\common\Badlanders\Package\UIScript\og_hall_playmode_10_ui.plist","844"
"C:\Program Files (x86)\Steam\steamapps\common\Badlanders\Package\UIScript\og_hall_playmode_new0_ui.plist","1909"
"C:\Program Files (x86)\Steam\steamapps\common\Badlanders\Package\UIScript\og_hall_playmode0_ui.plist","1671"
"C:\Program Files (x86)\Steam\steamapps\common\Badlanders\Package\UIScript\og_hall_season0_ui.plist","521"
"C:\Program Files (x86)\Steam\steamapps\common\Badlanders\Package\UIScript\og_hall_survey0_ui.plist","387"
"C:\Program Files (x86)\Steam\steamapps\common\Badlanders\Package\UIScript\og_hall0_ui.plist","3283"
"C:\Program Files (x86)\Steam\steamapps\common\Badlanders\Package\UIScript\og_home0_ui.plist","3265"
"C:\Program Files (x86)\Steam\steamapps\common\Badlanders\Package\UIScript\og_legion_10_ui.plist","1098"
"C:\Program Files (x86)\Steam\steamapps\common\Badlanders\Package\UIScript\og_legion0_ui.plist","3038"
"C:\Program Files (x86)\Steam\steamapps\common\Badlanders\Package\UIScript\og_live0_ui.plist","910"
"C:\Program Files (x86)\Steam\steamapps\common\Badlanders\Package\UIScript\og_mail_new0_ui.plist","663"
"C:\Program Files (x86)\Steam\steamapps\common\Badlanders\Package\UIScript\og_mail0_ui.plist","623"
"C:\Program Files (x86)\Steam\steamapps\common\Badlanders\Package\UIScript\og_mall_10_ui.plist","313"
"C:\Program Files (x86)\Steam\steamapps\common\Badlanders\Package\UIScript\og_mall_card0_ui.plist","1188"
"C:\Program Files (x86)\Steam\steamapps\common\Badlanders\Package\UIScript\og_mall_skin0_ui.plist","431"
"C:\Program Files (x86)\Steam\steamapps\common\Badlanders\Package\UIScript\og_mall_vip0_ui.plist","1122"
"C:\Program Files (x86)\Steam\steamapps\common\Badlanders\Package\UIScript\og_mall0_ui.plist","1180"
"C:\Program Files (x86)\Steam\steamapps\common\Badlanders\Package\UIScript\og_mission_3day_new0_ui.plist","1403"
"C:\Program Files (x86)\Steam\steamapps\common\Badlanders\Package\UIScript\og_mission_3day0_ui.plist","949"
"C:\Program Files (x86)\Steam\steamapps\common\Badlanders\Package\UIScript\og_mission_new0_ui.plist","1148"
"C:\Program Files (x86)\Steam\steamapps\common\Badlanders\Package\UIScript\og_mission0_ui.plist","2201"
"C:\Program Files (x86)\Steam\steamapps\common\Badlanders\Package\UIScript\og_partner_00_ui.plist","1554"
"C:\Program Files (x86)\Steam\steamapps\common\Badlanders\Package\UIScript\og_partner_10_ui.plist","2103"
"C:\Program Files (x86)\Steam\steamapps\common\Badlanders\Package\UIScript\og_partner_20_ui.plist","912"
"C:\Program Files (x86)\Steam\steamapps\common\Badlanders\Package\UIScript\og_playerinfo_10_ui.plist","2305"
"C:\Program Files (x86)\Steam\steamapps\common\Badlanders\Package\UIScript\og_playerinfo_20_ui.plist","3269"
"C:\Program Files (x86)\Steam\steamapps\common\Badlanders\Package\UIScript\og_playerinfo_30_ui.plist","2316"
"C:\Program Files (x86)\Steam\steamapps\common\Badlanders\Package\UIScript\og_playerinfo_40_ui.plist","333"
"C:\Program Files (x86)\Steam\steamapps\common\Badlanders\Package\UIScript\og_playerinfo_home0_ui.plist","357"
"C:\Program Files (x86)\Steam\steamapps\common\Badlanders\Package\UIScript\og_playerinfo_melee_weapons0_ui.plist","723"
"C:\Program Files (x86)\Steam\steamapps\common\Badlanders\Package\UIScript\og_playerinfo0_ui.plist","3495"
"C:\Program Files (x86)\Steam\steamapps\common\Badlanders\Package\UIScript\og_recycle_new_10_ui.plist","1219"
"C:\Program Files (x86)\Steam\steamapps\common\Badlanders\Package\UIScript\og_recycle_new0_ui.plist","701"
"C:\Program Files (x86)\Steam\steamapps\common\Badlanders\Package\UIScript\og_recycle0_ui.plist","1426"
"C:\Program Files (x86)\Steam\steamapps\common\Badlanders\Package\UIScript\og_research0_ui.plist","679"
"C:\Program Files (x86)\Steam\steamapps\common\Badlanders\Package\UIScript\og_room0_ui.plist","2514"
"C:\Program Files (x86)\Steam\steamapps\common\Badlanders\Package\UIScript\og_s1_common0_ui.plist","319"
"C:\Program Files (x86)\Steam\steamapps\common\Badlanders\Package\UIScript\og_s2_pop10_ui.plist","2184"
"C:\Program Files (x86)\Steam\steamapps\common\Badlanders\Package\UIScript\og_s4_battlepass0_ui.plist","1577"
"C:\Program Files (x86)\Steam\steamapps\common\Badlanders\Package\UIScript\og_s5_pop_40_ui.plist","1158"
"C:\Program Files (x86)\Steam\steamapps\common\Badlanders\Package\UIScript\og_s6_battlepass_10_ui.plist","1396"
"C:\Program Files (x86)\Steam\steamapps\common\Badlanders\Package\UIScript\og_s6_battlepass0_ui.plist","2262"
"C:\Program Files (x86)\Steam\steamapps\common\Badlanders\Package\UIScript\og_s6_common0_ui.plist","737"
"C:\Program Files (x86)\Steam\steamapps\common\Badlanders\Package\UIScript\og_s6_pop20_ui.plist","1094"
"C:\Program Files (x86)\Steam\steamapps\common\Badlanders\Package\UIScript\og_s60_ui.plist","1430"
"C:\Program Files (x86)\Steam\steamapps\common\Badlanders\Package\UIScript\og_safe0_ui.plist","314"
"C:\Program Files (x86)\Steam\steamapps\common\Badlanders\Package\UIScript\og_shelter_lock0_ui.plist","436"
"C:\Program Files (x86)\Steam\steamapps\common\Badlanders\Package\UIScript\og_shelter_parts0_ui.plist","421"
"C:\Program Files (x86)\Steam\steamapps\common\Badlanders\Package\UIScript\og_shelter_processing_station0_ui.plist","1891"
"C:\Program Files (x86)\Steam\steamapps\common\Badlanders\Package\UIScript\og_shelter0_ui.plist","4458"
"C:\Program Files (x86)\Steam\steamapps\common\Badlanders\Package\UIScript\og_shop_auction0_ui.plist","668"
"C:\Program Files (x86)\Steam\steamapps\common\Badlanders\Package\UIScript\og_shop0_ui.plist","453"
"C:\Program Files (x86)\Steam\steamapps\common\Badlanders\Package\UIScript\og_skin0_ui.plist","1596"
"C:\Program Files (x86)\Steam\steamapps\common\Badlanders\Package\UIScript\og_story_10_ui.plist","3640"
"C:\Program Files (x86)\Steam\steamapps\common\Badlanders\Package\UIScript\og_story_20_ui.plist","2103"
"C:\Program Files (x86)\Steam\steamapps\common\Badlanders\Package\UIScript\og_story_30_ui.plist","2081"
"C:\Program Files (x86)\Steam\steamapps\common\Badlanders\Package\UIScript\og_story_archives0_ui.plist","2511"
"C:\Program Files (x86)\Steam\steamapps\common\Badlanders\Package\UIScript\og_story_new0_ui.plist","1596"
"C:\Program Files (x86)\Steam\steamapps\common\Badlanders\Package\UIScript\og_talent_10_ui.plist","1872"
"C:\Program Files (x86)\Steam\steamapps\common\Badlanders\Package\UIScript\og_talent_20_ui.plist","2780"
"C:\Program Files (x86)\Steam\steamapps\common\Badlanders\Package\UIScript\og_talent0_ui.plist","1218"
"C:\Program Files (x86)\Steam\steamapps\common\Badlanders\Package\UIScript\og_team0_ui.plist","971"
"C:\Program Files (x86)\Steam\steamapps\common\Badlanders\Package\UIScript\og_verify0_ui.plist","737"
"C:\Program Files (x86)\Steam\steamapps\common\Badlanders\Package\UIScript\vx_c_award_achievement0_ui.plist","316"
"C:\Program Files (x86)\Steam\steamapps\common\Badlanders\Package\UIScript\vx_c_common_010_ui.plist","520"
"C:\Program Files (x86)\Steam\steamapps\common\Badlanders\Package\UIScript\vx_c_common_btn0_ui.plist","415"
"C:\Program Files (x86)\Steam\steamapps\common\Badlanders\Package\UIScript\vx_c_common_goodsitem0_ui.plist","500"
"C:\Program Files (x86)\Steam\steamapps\common\Badlanders\Package\UIScript\vx_c_common_item_effect0_ui.plist","1122"
"C:\Program Files (x86)\Steam\steamapps\common\Badlanders\Package\UIScript\vx_c_common_item0_ui.plist","901"
"C:\Program Files (x86)\Steam\steamapps\common\Badlanders\Package\UIScript\vx_c_common0_ui.plist","1537"
"C:\Program Files (x86)\Steam\steamapps\common\Badlanders\Package\UIScript\vx_c_guide_clickinfo40_ui.plist","430"
"C:\Program Files (x86)\Steam\steamapps\common\Badlanders\Package\UIScript\vx_c_guide_clickinfo50_ui.plist","584"
"C:\Program Files (x86)\Steam\steamapps\common\Badlanders\Package\UIScript\vx_c_guide_dialogue0_ui.plist","522"
"C:\Program Files (x86)\Steam\steamapps\common\Badlanders\Package\UIScript\vx_c_guide_hardmode0_ui.plist","312"
"C:\Program Files (x86)\Steam\steamapps\common\Badlanders\Package\UIScript\vx_c_guide_screen_target0_ui.plist","396"
"C:\Program Files (x86)\Steam\steamapps\common\Badlanders\Package\UIScript\vx_c_guide_video0_ui.plist","609"
"C:\Program Files (x86)\Steam\steamapps\common\Badlanders\Package\UIScript\vx_c_loading0_ui.plist","872"
"C:\Program Files (x86)\Steam\steamapps\common\Badlanders\Package\UIScript\vx_c_login_animation0_ui.plist","994"
"C:\Program Files (x86)\Steam\steamapps\common\Badlanders\Package\UIScript\vx_c_login_smoke0_ui.plist","872"
"C:\Program Files (x86)\Steam\steamapps\common\Badlanders\Package\UIScript\vx_ig_common_mapsite0_ui.plist","674"
"C:\Program Files (x86)\Steam\steamapps\common\Badlanders\Package\UIScript\vx_ig_main_novice_pc0_ui.plist","626"
"C:\Program Files (x86)\Steam\steamapps\common\Badlanders\Package\UIScript\vx_ig_main_quick_levelup0_ui.plist","621"
"C:\Program Files (x86)\Steam\steamapps\common\Badlanders\Package\UIScript\vx_ig_main_shot_animation0_ui.plist","3308"
"C:\Program Files (x86)\Steam\steamapps\common\Badlanders\Package\UIScript\vx_ig_main_shot0_ui.plist","383"
"C:\Program Files (x86)\Steam\steamapps\common\Badlanders\Package\UIScript\vx_ig_map0_ui.plist","370"
"C:\Program Files (x86)\Steam\steamapps\common\Badlanders\Package\UIScript\vx_ig_result_js_020_ui.plist","733"
"C:\Program Files (x86)\Steam\steamapps\common\Badlanders\Package\UIScript\vx_ig_result_js0_ui.plist","1494"
"C:\Program Files (x86)\Steam\steamapps\common\Badlanders\Package\UIScript\vx_ig_result_like0_ui.plist","1198"
"C:\Program Files (x86)\Steam\steamapps\common\Badlanders\Package\UIScript\vx_ig_result_new0_ui.plist","1504"
"C:\Program Files (x86)\Steam\steamapps\common\Badlanders\Package\UIScript\vx_ig_result0_ui.plist","1108"
"C:\Program Files (x86)\Steam\steamapps\common\Badlanders\Package\UIScript\vx_ig_scene_countdown0_ui.plist","438"
"C:\Program Files (x86)\Steam\steamapps\common\Badlanders\Package\UIScript\vx_ig_scene_newguide0_ui.plist","570"
"C:\Program Files (x86)\Steam\steamapps\common\Badlanders\Package\UIScript\vx_ig_scene_pickup0_ui.plist","451"
"C:\Program Files (x86)\Steam\steamapps\common\Badlanders\Package\UIScript\vx_ig_scene_pvp_tip10_ui.plist","548"
"C:\Program Files (x86)\Steam\steamapps\common\Badlanders\Package\UIScript\vx_ig_scene_pvp_tip20_ui.plist","691"
"C:\Program Files (x86)\Steam\steamapps\common\Badlanders\Package\UIScript\vx_ig_scene_s4_info0_ui.plist","1198"
"C:\Program Files (x86)\Steam\steamapps\common\Badlanders\Package\UIScript\vx_ig_scene_teamprompt0_ui.plist","541"
"C:\Program Files (x86)\Steam\steamapps\common\Badlanders\Package\UIScript\vx_ig_scene0_ui.plist","524"
"C:\Program Files (x86)\Steam\steamapps\common\Badlanders\Package\UIScript\vx_ig_tdm0_ui.plist","1147"
"C:\Program Files (x86)\Steam\steamapps\common\Badlanders\Package\UIScript\vx_main_equipshine0_ui.plist","520"
"C:\Program Files (x86)\Steam\steamapps\common\Badlanders\Package\UIScript\vx_main_gunup0_ui.plist","622"
"C:\Program Files (x86)\Steam\steamapps\common\Badlanders\Package\UIScript\vx_main_killinfo0_ui.plist","556"
"C:\Program Files (x86)\Steam\steamapps\common\Badlanders\Package\UIScript\vx_main_skillshine0_ui.plist","376"
"C:\Program Files (x86)\Steam\steamapps\common\Badlanders\Package\UIScript\vx_og_achievement_item0_ui.plist","1006"
"C:\Program Files (x86)\Steam\steamapps\common\Badlanders\Package\UIScript\vx_og_activity_2022_december_snowfestival_gun0_ui.plist","2538"
"C:\Program Files (x86)\Steam\steamapps\common\Badlanders\Package\UIScript\vx_og_activity_2022_november_mysteryshop0_ui.plist","1692"
"C:\Program Files (x86)\Steam\steamapps\common\Badlanders\Package\UIScript\vx_og_activity_2022_october_hallowmas0_ui.plist","1031"
"C:\Program Files (x86)\Steam\steamapps\common\Badlanders\Package\UIScript\vx_og_activity_2022_october_lottery0_ui.plist","530"
"C:\Program Files (x86)\Steam\steamapps\common\Badlanders\Package\UIScript\vx_og_activity_2023_feb_valentine_gun0_ui.plist","3377"
"C:\Program Files (x86)\Steam\steamapps\common\Badlanders\Package\UIScript\vx_og_activity_2023_guardianbeast_lottery0_ui.plist","3660"
"C:\Program Files (x86)\Steam\steamapps\common\Badlanders\Package\UIScript\vx_og_activity_2023_jan_daily_redpacket0_ui.plist","1197"
"C:\Program Files (x86)\Steam\steamapps\common\Badlanders\Package\UIScript\vx_og_activity_2023_jan_springfestival_gun0_ui.plist","1945"
"C:\Program Files (x86)\Steam\steamapps\common\Badlanders\Package\UIScript\vx_og_activity_common_lottery_firework0_ui.plist","732"
"C:\Program Files (x86)\Steam\steamapps\common\Badlanders\Package\UIScript\vx_og_activity_common_lottery_new0_ui.plist","2998"
"C:\Program Files (x86)\Steam\steamapps\common\Badlanders\Package\UIScript\vx_og_activity_common_lottery0_ui.plist","1061"
"C:\Program Files (x86)\Steam\steamapps\common\Badlanders\Package\UIScript\vx_og_activity_firstcharge_smoke_010_ui.plist","1315"
"C:\Program Files (x86)\Steam\steamapps\common\Badlanders\Package\UIScript\vx_og_activity_horus_010_ui.plist","2339"
"C:\Program Files (x86)\Steam\steamapps\common\Badlanders\Package\UIScript\vx_og_activity_horus_020_ui.plist","1735"
"C:\Program Files (x86)\Steam\steamapps\common\Badlanders\Package\UIScript\vx_og_activity_liuyue_activity0_ui.plist","1437"
"C:\Program Files (x86)\Steam\steamapps\common\Badlanders\Package\UIScript\vx_og_activity_luckywheel_whee0_ui.plist","731"
"C:\Program Files (x86)\Steam\steamapps\common\Badlanders\Package\UIScript\vx_og_activity_newhand_guanlight0_ui.plist","1046"
"C:\Program Files (x86)\Steam\steamapps\common\Badlanders\Package\UIScript\vx_og_activity_newhand_mission0_ui.plist","791"
"C:\Program Files (x86)\Steam\steamapps\common\Badlanders\Package\UIScript\vx_og_activity_newyear0_ui.plist","442"
"C:\Program Files (x86)\Steam\steamapps\common\Badlanders\Package\UIScript\vx_og_activity_return_3day_login_new0_ui.plist","333"
"C:\Program Files (x86)\Steam\steamapps\common\Badlanders\Package\UIScript\vx_og_activity_return_pop0_ui.plist","855"
"C:\Program Files (x86)\Steam\steamapps\common\Badlanders\Package\UIScript\vx_og_activity_return_shop0_ui.plist","3562"
"C:\Program Files (x86)\Steam\steamapps\common\Badlanders\Package\UIScript\vx_og_activity_springfestival0_ui.plist","4249"
"C:\Program Files (x86)\Steam\steamapps\common\Badlanders\Package\UIScript\vx_og_award_item0_ui.plist","809"
"C:\Program Files (x86)\Steam\steamapps\common\Badlanders\Package\UIScript\vx_og_award_tips0_ui.plist","489"
"C:\Program Files (x86)\Steam\steamapps\common\Badlanders\Package\UIScript\vx_og_award_unlock0_ui.plist","365"
"C:\Program Files (x86)\Steam\steamapps\common\Badlanders\Package\UIScript\vx_og_award0_ui.plist","1935"
"C:\Program Files (x86)\Steam\steamapps\common\Badlanders\Package\UIScript\vx_og_camp_mission_item0_ui.plist","678"
"C:\Program Files (x86)\Steam\steamapps\common\Badlanders\Package\UIScript\vx_og_camp_select0_ui.plist","312"
"C:\Program Files (x86)\Steam\steamapps\common\Badlanders\Package\UIScript\vx_og_cashgift_open0_ui.plist","1441"
"C:\Program Files (x86)\Steam\steamapps\common\Badlanders\Package\UIScript\vx_og_challenge_new0_ui.plist","315"
"C:\Program Files (x86)\Steam\steamapps\common\Badlanders\Package\UIScript\vx_og_challenge_open0_ui.plist","1771"
"C:\Program Files (x86)\Steam\steamapps\common\Badlanders\Package\UIScript\vx_og_challenge_peak_logolight0_ui.plist","1021"
"C:\Program Files (x86)\Steam\steamapps\common\Badlanders\Package\UIScript\vx_og_challenge_result0_ui.plist","629"
"C:\Program Files (x86)\Steam\steamapps\common\Badlanders\Package\UIScript\vx_og_challenge0_ui.plist","666"
"C:\Program Files (x86)\Steam\steamapps\common\Badlanders\Package\UIScript\vx_og_chat_horn_effect0_ui.plist","660"
"C:\Program Files (x86)\Steam\steamapps\common\Badlanders\Package\UIScript\vx_og_collect_badge_cell0_ui.plist","1803"
"C:\Program Files (x86)\Steam\steamapps\common\Badlanders\Package\UIScript\vx_og_common_activity_firstcharge_smoke_020_ui.plist","1479"
"C:\Program Files (x86)\Steam\steamapps\common\Badlanders\Package\UIScript\vx_og_common_gift0_ui.plist","1123"
"C:\Program Files (x86)\Steam\steamapps\common\Badlanders\Package\UIScript\vx_og_common_item_skin0_ui.plist","794"
"C:\Program Files (x86)\Steam\steamapps\common\Badlanders\Package\UIScript\vx_og_common0_ui.plist","791"
"C:\Program Files (x86)\Steam\steamapps\common\Badlanders\Package\UIScript\vx_og_crafting0_ui.plist","466"
"C:\Program Files (x86)\Steam\steamapps\common\Badlanders\Package\UIScript\vx_og_dialogue0_ui.plist","1324"
"C:\Program Files (x86)\Steam\steamapps\common\Badlanders\Package\UIScript\vx_og_hall_btn_new0_ui.plist","317"
"C:\Program Files (x86)\Steam\steamapps\common\Badlanders\Package\UIScript\vx_og_hall_btn0_ui.plist","445"
"C:\Program Files (x86)\Steam\steamapps\common\Badlanders\Package\UIScript\vx_og_hall_challenge_peak_room0_ui.plist","382"
"C:\Program Files (x86)\Steam\steamapps\common\Badlanders\Package\UIScript\vx_og_hall_intive0_ui.plist","379"
"C:\Program Files (x86)\Steam\steamapps\common\Badlanders\Package\UIScript\vx_og_hall_matching0_ui.plist","1824"
"C:\Program Files (x86)\Steam\steamapps\common\Badlanders\Package\UIScript\vx_og_hall_pc0_ui.plist","908"
"C:\Program Files (x86)\Steam\steamapps\common\Badlanders\Package\UIScript\vx_og_hall0_ui.plist","382"
"C:\Program Files (x86)\Steam\steamapps\common\Badlanders\Package\UIScript\vx_og_home_score_tips0_ui.plist","1035"
"C:\Program Files (x86)\Steam\steamapps\common\Badlanders\Package\UIScript\vx_og_legion0_ui.plist","1389"
"C:\Program Files (x86)\Steam\steamapps\common\Badlanders\Package\UIScript\vx_og_main_map_time0_ui.plist","975"
"C:\Program Files (x86)\Steam\steamapps\common\Badlanders\Package\UIScript\vx_og_mall0_ui.plist","1761"
"C:\Program Files (x86)\Steam\steamapps\common\Badlanders\Package\UIScript\vx_og_mission_dailytask0_ui.plist","1405"
"C:\Program Files (x86)\Steam\steamapps\common\Badlanders\Package\UIScript\vx_og_partner_020_ui.plist","1421"
"C:\Program Files (x86)\Steam\steamapps\common\Badlanders\Package\UIScript\vx_og_partner_new_010_ui.plist","425"
"C:\Program Files (x86)\Steam\steamapps\common\Badlanders\Package\UIScript\vx_og_partner_new0_ui.plist","1992"
"C:\Program Files (x86)\Steam\steamapps\common\Badlanders\Package\UIScript\vx_og_partner0_ui.plist","2025"
"C:\Program Files (x86)\Steam\steamapps\common\Badlanders\Package\UIScript\vx_og_playerinfo_melee_weapons0_ui.plist","1623"
"C:\Program Files (x86)\Steam\steamapps\common\Badlanders\Package\UIScript\vx_og_playerinfo_setting0_ui.plist","777"
"C:\Program Files (x86)\Steam\steamapps\common\Badlanders\Package\UIScript\vx_og_s20_ui.plist","2675"
"C:\Program Files (x86)\Steam\steamapps\common\Badlanders\Package\UIScript\vx_og_s3_0100_ui.plist","2856"
"C:\Program Files (x86)\Steam\steamapps\common\Badlanders\Package\UIScript\vx_og_s5_effect_020_ui.plist","2990"
"C:\Program Files (x86)\Steam\steamapps\common\Badlanders\Package\UIScript\vx_og_s6_battlepass_luckywheel0_ui.plist","326"
"C:\Program Files (x86)\Steam\steamapps\common\Badlanders\Package\UIScript\vx_og_s6_battlepass_upgrade0_ui.plist","3679"
"C:\Program Files (x86)\Steam\steamapps\common\Badlanders\Package\UIScript\vx_og_s6_pop10_ui.plist","1342"
"C:\Program Files (x86)\Steam\steamapps\common\Badlanders\Package\UIScript\vx_og_s6_vfxeffect_10_ui.plist","1022"
"C:\Program Files (x86)\Steam\steamapps\common\Badlanders\Package\UIScript\vx_og_s6_vfxeffect0_ui.plist","2861"
"C:\Program Files (x86)\Steam\steamapps\common\Badlanders\Package\UIScript\vx_og_s7_battlepass_reward_10_ui.plist","1468"
"C:\Program Files (x86)\Steam\steamapps\common\Badlanders\Package\UIScript\vx_og_s7_battlepass_reward_20_ui.plist","1877"
"C:\Program Files (x86)\Steam\steamapps\common\Badlanders\Package\UIScript\vx_og_s7_battlepass_reward_30_ui.plist","840"
"C:\Program Files (x86)\Steam\steamapps\common\Badlanders\Package\UIScript\vx_og_s7_battlepass_reward_40_ui.plist","647"
"C:\Program Files (x86)\Steam\steamapps\common\Badlanders\Package\UIScript\vx_og_shelter_processing_station0_ui.plist","396"
"C:\Program Files (x86)\Steam\steamapps\common\Badlanders\Package\UIScript\vx_og_shelter_processing0_ui.plist","1776"
"C:\Program Files (x86)\Steam\steamapps\common\Badlanders\Package\UIScript\vx_og_skin_digital_collection_upgrade0_ui.plist","334"
"C:\Program Files (x86)\Steam\steamapps\common\Badlanders\Package\UIScript\vx_og_story0_ui.plist","2022"
"C:\Program Files (x86)\Steam\steamapps\common\Badlanders\Package\UIScript\vx_og_talent_010_ui.plist","886"
"C:\Program Files (x86)\Steam\steamapps\common\Badlanders\Package\UIScript\vx_og_talent0_ui.plist","3500"
"C:\Program Files (x86)\Steam\steamapps\common\Badlanders\Package\UIScript\artfont_en\0_ui_ig_map_location.plist","1593"
"C:\Program Files (x86)\Steam\steamapps\common\Badlanders\Package\UIScript\artfont_jp\0_ui_ig_map_location.plist","1593"
"C:\Program Files (x86)\Steam\steamapps\common\Badlanders\Package\UIScript\artfont_th\0_ui_ig_map_location.plist","1653"
"C:\Program Files (x86)\Steam\steamapps\common\Badlanders\Package\UIScript\artfont_tw\0_ui_ig_map_location.plist","1431"
"C:\Program Files (x86)\Steam\steamapps\common\Badlanders\Package\UIScript\artfont_vn\0_ui_ig_map_location.plist","1625"
"C:\Program Files (x86)\Steam\steamapps\common\Badlanders\Package\UIScript\artfont_zh\0_ui_ig_map_location.plist","1888"
"C:\Program Files (x86)\Steam\steamapps\common\Badlanders\Package\UIScript\particle\electric.plist","829"
"C:\Program Files (x86)\Steam\steamapps\common\Badlanders\Package\UIScript\particle\ig_result_defeated.plist","818"
"C:\Program Files (x86)\Steam\steamapps\common\Badlanders\Package\UIScript\particle\ig_result_victory.plist","800"
"C:\Program Files (x86)\Steam\steamapps\common\Badlanders\Package\UIScript\particle\og_s7_battlepass_buy_lizi.plist","874"
"C:\Program Files (x86)\Steam\steamapps\common\Badlanders\Package\UIScript\particle\og_s7_pop1_lizi.plist","871"
"C:\Program Files (x86)\Steam\steamapps\common\Badlanders\Package\UIScript\particle\og_shelter_processing_station_lizi_blue.plist","812"
"C:\Program Files (x86)\Steam\steamapps\common\Badlanders\Package\UIScript\particle\particle_og_hall_result_create_01.plist","938"
"C:\Program Files (x86)\Steam\steamapps\common\Badlanders\Package\UIScript\particle\particle_og_hall_result_glow_01.plist","891"
"C:\Program Files (x86)\Steam\steamapps\common\Badlanders\Package\UIScript\particle\ui__segment_season_effect_fire_2.plist","793"
"C:\Program Files (x86)\Steam\steamapps\common\Badlanders\Package\UIScript\particle\ui_corps_red_packet_hall_effect_001.plist","820"
"C:\Program Files (x86)\Steam\steamapps\common\Badlanders\Package\UIScript\particle\ui_corps_red_packet_hall_effect_002.plist","832"
"C:\Program Files (x86)\Steam\steamapps\common\Badlanders\Package\UIScript\particle\ui_corps_red_packet_hall_effect_003.plist","813"
"C:\Program Files (x86)\Steam\steamapps\common\Badlanders\Package\UIScript\particle\ui_corps_red_packet_hall_effect_004.plist","832"
"C:\Program Files (x86)\Steam\steamapps\common\Badlanders\Package\UIScript\particle\ui_corps_red_packet_hall_effect_005.plist","909"
"C:\Program Files (x86)\Steam\steamapps\common\Badlanders\Package\UIScript\particle\ui_corps_red_packet_hall_effect_006.plist","928"
"C:\Program Files (x86)\Steam\steamapps\common\Badlanders\Package\UIScript\particle\ui_corps_red_packet_hall_effect_007.plist","859"
"C:\Program Files (x86)\Steam\steamapps\common\Badlanders\Package\UIScript\particle\ui_icon_corps_guns_effect_01.plist","836"
"C:\Program Files (x86)\Steam\steamapps\common\Badlanders\Package\UIScript\particle\ui_icon_corps_guns_effect_loop.plist","808"
"C:\Program Files (x86)\Steam\steamapps\common\Badlanders\Package\UIScript\particle\ui_icon_corps_helmet2_effect_smoke.plist","818"
"C:\Program Files (x86)\Steam\steamapps\common\Badlanders\Package\UIScript\particle\ui_login_mangguo_effect_smoke_01.plist","844"
"C:\Program Files (x86)\Steam\steamapps\common\Badlanders\Package\UIScript\particle\ui_reborn_calculation_1_lg_01.plist","910"
"C:\Program Files (x86)\Steam\steamapps\common\Badlanders\Package\UIScript\particle\ui_worldcup_guessing_ribbon_effect_1.plist","841"
"C:\Program Files (x86)\Steam\steamapps\common\Badlanders\Package\UIScript\particle\ui_worldcup_guessing_ribbon_effect_2.plist","854"
"C:\Program Files (x86)\Steam\steamapps\common\Badlanders\Package\UIScript\particle\ui_worldcup_guessing_ribbon_effect_3.plist","852"
"C:\Program Files (x86)\Steam\steamapps\common\Badlanders\Package\UIScript\particle\vx_award_01.plist","767"
"C:\Program Files (x86)\Steam\steamapps\common\Badlanders\Package\UIScript\particle\vx_award_02.plist","779"
"C:\Program Files (x86)\Steam\steamapps\common\Badlanders\Package\UIScript\particle\vx_award_triangle.plist","801"
"C:\Program Files (x86)\Steam\steamapps\common\Badlanders\Package\UIScript\particle\vx_c_award_rare_01.plist","825"
"C:\Program Files (x86)\Steam\steamapps\common\Badlanders\Package\UIScript\particle\vx_c_award_rare_02.plist","840"
"C:\Program Files (x86)\Steam\steamapps\common\Badlanders\Package\UIScript\particle\vx_c_award_rare_03.plist","819"
"C:\Program Files (x86)\Steam\steamapps\common\Badlanders\Package\UIScript\particle\vx_c_award_rare_04.plist","827"
"C:\Program Files (x86)\Steam\steamapps\common\Badlanders\Package\UIScript\particle\vx_c_award_rare_05.plist","817"
"C:\Program Files (x86)\Steam\steamapps\common\Badlanders\Package\UIScript\particle\vx_c_award_rare_06.plist","838"
"C:\Program Files (x86)\Steam\steamapps\common\Badlanders\Package\UIScript\particle\vx_c_award_rare_07.plist","812"
"C:\Program Files (x86)\Steam\steamapps\common\Badlanders\Package\UIScript\particle\vx_c_common_award_effect_bg_fadein.plist","843"
"C:\Program Files (x86)\Steam\steamapps\common\Badlanders\Package\UIScript\particle\vx_c_common_award_effect_loop_right.plist","845"
"C:\Program Files (x86)\Steam\steamapps\common\Badlanders\Package\UIScript\particle\vx_c_common_award_effect_loop_top.plist","859"
"C:\Program Files (x86)\Steam\steamapps\common\Badlanders\Package\UIScript\particle\vx_c_common_goodsitem_blue.plist","891"
"C:\Program Files (x86)\Steam\steamapps\common\Badlanders\Package\UIScript\particle\vx_c_common_goodsitem_effect_loop.plist","853"
"C:\Program Files (x86)\Steam\steamapps\common\Badlanders\Package\UIScript\particle\vx_c_common_goodsitem_green.plist","857"
"C:\Program Files (x86)\Steam\steamapps\common\Badlanders\Package\UIScript\particle\vx_c_common_goodsitem_purple.plist","857"
"C:\Program Files (x86)\Steam\steamapps\common\Badlanders\Package\UIScript\particle\vx_c_common_goodsitem_white.plist","845"
"C:\Program Files (x86)\Steam\steamapps\common\Badlanders\Package\UIScript\particle\vx_c_common_goodsitem_yellow.plist","880"
"C:\Program Files (x86)\Steam\steamapps\common\Badlanders\Package\UIScript\particle\vx_c_common_interface_effect_1.plist","848"
"C:\Program Files (x86)\Steam\steamapps\common\Badlanders\Package\UIScript\particle\vx_c_common_interface_effect_2.plist","841"
"C:\Program Files (x86)\Steam\steamapps\common\Badlanders\Package\UIScript\particle\vx_c_common_interface_effect_3.plist","835"
"C:\Program Files (x86)\Steam\steamapps\common\Badlanders\Package\UIScript\particle\vx_c_common_interface_effect_4.plist","834"
"C:\Program Files (x86)\Steam\steamapps\common\Badlanders\Package\UIScript\particle\vx_c_common_ray.plist","840"
"C:\Program Files (x86)\Steam\steamapps\common\Badlanders\Package\UIScript\particle\vx_ig_hall_result_par_03.plist","829"
"C:\Program Files (x86)\Steam\steamapps\common\Badlanders\Package\UIScript\particle\vx_ig_hall_result_par_04.plist","912"
"C:\Program Files (x86)\Steam\steamapps\common\Badlanders\Package\UIScript\particle\vx_ig_hall_result_par_05.plist","920"
"C:\Program Files (x86)\Steam\steamapps\common\Badlanders\Package\UIScript\particle\vx_ig_killitem_s0_effect.plist","829"
"C:\Program Files (x86)\Steam\steamapps\common\Badlanders\Package\UIScript\particle\vx_ig_main_skill_xhm_point_effect.plist","887"
"C:\Program Files (x86)\Steam\steamapps\common\Badlanders\Package\UIScript\particle\vx_ig_result_fail_lizi01.plist","850"
"C:\Program Files (x86)\Steam\steamapps\common\Badlanders\Package\UIScript\particle\vx_ig_result_js_lizi_creat.plist","814"
"C:\Program Files (x86)\Steam\steamapps\common\Badlanders\Package\UIScript\particle\vx_ig_result_mvp_02.plist","791"
"C:\Program Files (x86)\Steam\steamapps\common\Badlanders\Package\UIScript\particle\vx_ig_result_mvp.plist","794"
"C:\Program Files (x86)\Steam\steamapps\common\Badlanders\Package\UIScript\particle\vx_ig_result_show_effect.plist","822"
"C:\Program Files (x86)\Steam\steamapps\common\Badlanders\Package\UIScript\particle\vx_login_animation_airflow.plist","880"
"C:\Program Files (x86)\Steam\steamapps\common\Badlanders\Package\UIScript\particle\vx_login_animation_cloak_fire_1.plist","844"
"C:\Program Files (x86)\Steam\steamapps\common\Badlanders\Package\UIScript\particle\vx_login_animation_cloak_fire_2.plist","844"
"C:\Program Files (x86)\Steam\steamapps\common\Badlanders\Package\UIScript\particle\vx_login_animation_cloak_fire_3.plist","864"
"C:\Program Files (x86)\Steam\steamapps\common\Badlanders\Package\UIScript\particle\vx_login_animation_cloak_fire_4.plist","879"
"C:\Program Files (x86)\Steam\steamapps\common\Badlanders\Package\UIScript\particle\vx_login_animation_cloak_fire_5.plist","864"
"C:\Program Files (x86)\Steam\steamapps\common\Badlanders\Package\UIScript\particle\vx_login_animation_cloud.plist","892"
"C:\Program Files (x86)\Steam\steamapps\common\Badlanders\Package\UIScript\particle\vx_login_animation_dust.plist","774"
"C:\Program Files (x86)\Steam\steamapps\common\Badlanders\Package\UIScript\particle\vx_login_animation_dust2.plist","773"
"C:\Program Files (x86)\Steam\steamapps\common\Badlanders\Package\UIScript\particle\vx_login_animation_fire.plist","816"
"C:\Program Files (x86)\Steam\steamapps\common\Badlanders\Package\UIScript\particle\vx_login_animation_gas_new.plist","787"
"C:\Program Files (x86)\Steam\steamapps\common\Badlanders\Package\UIScript\particle\vx_login_animation_gas.plist","893"
"C:\Program Files (x86)\Steam\steamapps\common\Badlanders\Package\UIScript\particle\vx_login_animation_gas2_new.plist","776"
"C:\Program Files (x86)\Steam\steamapps\common\Badlanders\Package\UIScript\particle\vx_login_animation_npc_stone_1.plist","820"
"C:\Program Files (x86)\Steam\steamapps\common\Badlanders\Package\UIScript\particle\vx_login_animation_npc_stone_2.plist","826"
"C:\Program Files (x86)\Steam\steamapps\common\Badlanders\Package\UIScript\particle\vx_login_animation_npc_stone_3.plist","843"
"C:\Program Files (x86)\Steam\steamapps\common\Badlanders\Package\UIScript\particle\vx_login_animation_rocket_fire.plist","860"
"C:\Program Files (x86)\Steam\steamapps\common\Badlanders\Package\UIScript\particle\vx_login_animation_smoke_fire.plist","858"
"C:\Program Files (x86)\Steam\steamapps\common\Badlanders\Package\UIScript\particle\vx_login_animation_smoke_new.plist","834"
"C:\Program Files (x86)\Steam\steamapps\common\Badlanders\Package\UIScript\particle\vx_login_animation_smoke.plist","862"
"C:\Program Files (x86)\Steam\steamapps\common\Badlanders\Package\UIScript\particle\vx_login_animation_wind.plist","819"
"C:\Program Files (x86)\Steam\steamapps\common\Badlanders\Package\UIScript\particle\vx_og_achievement_fire_01.plist","795"
"C:\Program Files (x86)\Steam\steamapps\common\Badlanders\Package\UIScript\particle\vx_og_achievement_fire.plist","785"
"C:\Program Files (x86)\Steam\steamapps\common\Badlanders\Package\UIScript\particle\vx_og_achievement_smoke_1.plist","798"
"C:\Program Files (x86)\Steam\steamapps\common\Badlanders\Package\UIScript\particle\vx_og_achievement_smoke.plist","803"
"C:\Program Files (x86)\Steam\steamapps\common\Badlanders\Package\UIScript\particle\vx_og_achievement_smokered.plist","811"
"C:\Program Files (x86)\Steam\steamapps\common\Badlanders\Package\UIScript\particle\vx_og_activity_2022_december_snowfestival_gun_xuehua_1.plist","941"
"C:\Program Files (x86)\Steam\steamapps\common\Badlanders\Package\UIScript\particle\vx_og_activity_2022_december_snowfestival_gun_xuehua_2.plist","941"
"C:\Program Files (x86)\Steam\steamapps\common\Badlanders\Package\UIScript\particle\vx_og_activity_2022_december_snowfestival_gun_xuehua_3.plist","881"
"C:\Program Files (x86)\Steam\steamapps\common\Badlanders\Package\UIScript\particle\vx_og_activity_christmas_snow.plist","808"
"C:\Program Files (x86)\Steam\steamapps\common\Badlanders\Package\UIScript\particle\vx_og_activity_common_lottery_smoke_lizi01.plist","812"
"C:\Program Files (x86)\Steam\steamapps\common\Badlanders\Package\UIScript\particle\vx_og_activity_common_lottery_smoke.plist","820"
"C:\Program Files (x86)\Steam\steamapps\common\Badlanders\Package\UIScript\particle\vx_og_activity_firstcharge_firep.plist","814"
"C:\Program Files (x86)\Steam\steamapps\common\Badlanders\Package\UIScript\particle\vx_og_activity_holloween_01.plist","796"
"C:\Program Files (x86)\Steam\steamapps\common\Badlanders\Package\UIScript\particle\vx_og_activity_newhand_mission_cloud.plist","782"
"C:\Program Files (x86)\Steam\steamapps\common\Badlanders\Package\UIScript\particle\vx_og_activity_newhand_mission_dot.plist","796"
"C:\Program Files (x86)\Steam\steamapps\common\Badlanders\Package\UIScript\particle\vx_og_activity_newhand_mission_orang.plist","808"
"C:\Program Files (x86)\Steam\steamapps\common\Badlanders\Package\UIScript\particle\vx_og_activity_newyear_smoke.plist","812"
"C:\Program Files (x86)\Steam\steamapps\common\Badlanders\Package\UIScript\particle\vx_og_activity_newyearsnow_01.plist","780"
"C:\Program Files (x86)\Steam\steamapps\common\Badlanders\Package\UIScript\particle\vx_og_activity_springfestival_smoke.plist","837"
"C:\Program Files (x86)\Steam\steamapps\common\Badlanders\Package\UIScript\particle\vx_og_award_achievement_iconshine.plist","808"
"C:\Program Files (x86)\Steam\steamapps\common\Badlanders\Package\UIScript\particle\vx_og_award_light.plist","783"
"C:\Program Files (x86)\Steam\steamapps\common\Badlanders\Package\UIScript\particle\vx_og_award_light2.plist","784"
"C:\Program Files (x86)\Steam\steamapps\common\Badlanders\Package\UIScript\particle\vx_og_award_particle_bai.plist","793"
"C:\Program Files (x86)\Steam\steamapps\common\Badlanders\Package\UIScript\particle\vx_og_award_particle_jin_01.plist","792"
"C:\Program Files (x86)\Steam\steamapps\common\Badlanders\Package\UIScript\particle\vx_og_award_particle_jin_2.plist","787"
"C:\Program Files (x86)\Steam\steamapps\common\Badlanders\Package\UIScript\particle\vx_og_award_particle_zi.plist","792"
"C:\Program Files (x86)\Steam\steamapps\common\Badlanders\Package\UIScript\particle\vx_og_battleconfig_btneffect.plist","871"
"C:\Program Files (x86)\Steam\steamapps\common\Badlanders\Package\UIScript\particle\vx_og_camp_select_lizi01.plist","814"
"C:\Program Files (x86)\Steam\steamapps\common\Badlanders\Package\UIScript\particle\vx_og_camp_select_lizi02.plist","838"
"C:\Program Files (x86)\Steam\steamapps\common\Badlanders\Package\UIScript\particle\vx_og_camp_select_lizi03.plist","827"
"C:\Program Files (x86)\Steam\steamapps\common\Badlanders\Package\UIScript\particle\vx_og_camp_select_lizi04.plist","820"
"C:\Program Files (x86)\Steam\steamapps\common\Badlanders\Package\UIScript\particle\vx_og_camp_select_lizi05.plist","838"
"C:\Program Files (x86)\Steam\steamapps\common\Badlanders\Package\UIScript\particle\vx_og_camp_select_lizi06.plist","799"
"C:\Program Files (x86)\Steam\steamapps\common\Badlanders\Package\UIScript\particle\vx_og_camp_select_lizi07.plist","832"
"C:\Program Files (x86)\Steam\steamapps\common\Badlanders\Package\UIScript\particle\vx_og_camp_select_lizi08.plist","798"
"C:\Program Files (x86)\Steam\steamapps\common\Badlanders\Package\UIScript\particle\vx_og_camp_select_lizi09.plist","802"
"C:\Program Files (x86)\Steam\steamapps\common\Badlanders\Package\UIScript\particle\vx_og_camp_select_lizi10.plist","796"
"C:\Program Files (x86)\Steam\steamapps\common\Badlanders\Package\UIScript\particle\vx_og_camp_select_lizi11.plist","776"
"C:\Program Files (x86)\Steam\steamapps\common\Badlanders\Package\UIScript\particle\vx_og_camp_select_lizi12.plist","776"
"C:\Program Files (x86)\Steam\steamapps\common\Badlanders\Package\UIScript\particle\vx_og_camp_select_lizi13.plist","791"
"C:\Program Files (x86)\Steam\steamapps\common\Badlanders\Package\UIScript\particle\vx_og_camp_select_lizi14.plist","791"
"C:\Program Files (x86)\Steam\steamapps\common\Badlanders\Package\UIScript\particle\vx_og_camp_select_lizi15.plist","827"
"C:\Program Files (x86)\Steam\steamapps\common\Badlanders\Package\UIScript\particle\vx_og_camp_select_lizi16.plist","820"
"C:\Program Files (x86)\Steam\steamapps\common\Badlanders\Package\UIScript\particle\vx_og_camp_select_lizi17.plist","796"
"C:\Program Files (x86)\Steam\steamapps\common\Badlanders\Package\UIScript\particle\vx_og_cashgift_light_01_new.plist","812"
"C:\Program Files (x86)\Steam\steamapps\common\Badlanders\Package\UIScript\particle\vx_og_cashgift_light_01.plist","815"
"C:\Program Files (x86)\Steam\steamapps\common\Badlanders\Package\UIScript\particle\vx_og_cashgift_light_02_new.plist","812"
"C:\Program Files (x86)\Steam\steamapps\common\Badlanders\Package\UIScript\particle\vx_og_cashgift_light_02.plist","815"
"C:\Program Files (x86)\Steam\steamapps\common\Badlanders\Package\UIScript\particle\vx_og_cashgift_light_03_new.plist","817"
"C:\Program Files (x86)\Steam\steamapps\common\Badlanders\Package\UIScript\particle\vx_og_cashgift_light_04_new.plist","803"
"C:\Program Files (x86)\Steam\steamapps\common\Badlanders\Package\UIScript\particle\vx_og_collect_badge_cell_light_lizi.plist","849"
"C:\Program Files (x86)\Steam\steamapps\common\Badlanders\Package\UIScript\particle\vx_og_dialogue_lizi.plist","790"
"C:\Program Files (x86)\Steam\steamapps\common\Badlanders\Package\UIScript\particle\vx_og_dialogue_smoke.plist","797"
"C:\Program Files (x86)\Steam\steamapps\common\Badlanders\Package\UIScript\particle\vx_og_dialogue_spot.plist","792"
"C:\Program Files (x86)\Steam\steamapps\common\Badlanders\Package\UIScript\particle\vx_og_hero_block.plist","829"
"C:\Program Files (x86)\Steam\steamapps\common\Badlanders\Package\UIScript\particle\vx_og_legion_info_smoke.plist","826"
"C:\Program Files (x86)\Steam\steamapps\common\Badlanders\Package\UIScript\particle\vx_og_mall_award_1.plist","782"
"C:\Program Files (x86)\Steam\steamapps\common\Badlanders\Package\UIScript\particle\vx_og_mall_award_2.plist","830"
"C:\Program Files (x86)\Steam\steamapps\common\Badlanders\Package\UIScript\particle\vx_og_mall_award_3.plist","817"
"C:\Program Files (x86)\Steam\steamapps\common\Badlanders\Package\UIScript\particle\vx_og_mall_award_4.plist","785"
"C:\Program Files (x86)\Steam\steamapps\common\Badlanders\Package\UIScript\particle\vx_og_mall_award_5.plist","886"
"C:\Program Files (x86)\Steam\steamapps\common\Badlanders\Package\UIScript\particle\vx_og_mall_card_angleparticle_01.plist","800"
"C:\Program Files (x86)\Steam\steamapps\common\Badlanders\Package\UIScript\particle\vx_og_partner_lizi.plist","837"
"C:\Program Files (x86)\Steam\steamapps\common\Badlanders\Package\UIScript\particle\vx_og_partner_new_dian_jiangli.plist","850"
"C:\Program Files (x86)\Steam\steamapps\common\Badlanders\Package\UIScript\particle\vx_og_partner_new_dian_renwuyou.plist","851"
"C:\Program Files (x86)\Steam\steamapps\common\Badlanders\Package\UIScript\particle\vx_og_partner_new_dian_renwuzuo.plist","836"
"C:\Program Files (x86)\Steam\steamapps\common\Badlanders\Package\UIScript\particle\vx_og_partner_new_dian_zuocelan.plist","851"
"C:\Program Files (x86)\Steam\steamapps\common\Badlanders\Package\UIScript\particle\vx_og_partner_new_lizi1.plist","783"
"C:\Program Files (x86)\Steam\steamapps\common\Badlanders\Package\UIScript\particle\vx_og_partner_new_lizi2.plist","811"
"C:\Program Files (x86)\Steam\steamapps\common\Badlanders\Package\UIScript\particle\vx_og_partner_smoke3.plist","864"
"C:\Program Files (x86)\Steam\steamapps\common\Badlanders\Package\UIScript\particle\vx_og_s4_lizi.plist","781"
"C:\Program Files (x86)\Steam\steamapps\common\Badlanders\Package\UIScript\particle\vx_og_s6_vfxeffect_01_spark_01.plist","814"
"C:\Program Files (x86)\Steam\steamapps\common\Badlanders\Package\UIScript\particle\vx_og_s6_vfxeffect_01_spark_02.plist","814"
"C:\Program Files (x86)\Steam\steamapps\common\Badlanders\Package\UIScript\particle\vx_og_s6_vfxeffect_line2.plist","784"
"C:\Program Files (x86)\Steam\steamapps\common\Badlanders\Package\UIScript\particle\vx_og_s6_vfxeffect_smoke2.plist","813"
"C:\Program Files (x86)\Steam\steamapps\common\Badlanders\Package\UIScript\particle\vx_og_s6_vfxeffect_smoke3.plist","813"
"C:\Program Files (x86)\Steam\steamapps\common\Badlanders\Package\UIScript\particle\vx_og_s6_vfxeffect_smoke4.plist","816"
"C:\Program Files (x86)\Steam\steamapps\common\Badlanders\Package\UIScript\particle\vx_og_s7_battlepass_reward_fk_lizi.plist","861"
"C:\Program Files (x86)\Steam\steamapps\common\Badlanders\Package\UIScript\particle\vx_og_sag_rain.plist","822"
"C:\Program Files (x86)\Steam\steamapps\common\Badlanders\Package\UIScript\particle\vx_og_shelter_lizi.plist","833"
"C:\Program Files (x86)\Steam\steamapps\common\Badlanders\Package\UIScript\particle\vx_og_shelter_processing_station_lizi_blue_02.plist","814"
"C:\Program Files (x86)\Steam\steamapps\common\Badlanders\Package\UIScript\particle\vx_og_shelter_processing_station_lizi_blue_03_new.plist","817"
"C:\Program Files (x86)\Steam\steamapps\common\Badlanders\Package\UIScript\particle\vx_og_shelter_processing_station_lizi_blue_03.plist","817"
"C:\Program Files (x86)\Steam\steamapps\common\Badlanders\Package\UIScript\particle\vx_og_shelter_smoke.plist","858"
"C:\Program Files (x86)\Steam\steamapps\common\Badlanders\Package\UIScript\particle\vx_og_shop_lottery_effect_block_burst.plist","878"
"C:\Program Files (x86)\Steam\steamapps\common\Badlanders\Package\UIScript\particle\vx_og_story_bghuichen.plist","788"
"C:\Program Files (x86)\Steam\steamapps\common\Badlanders\Package\UIScript\particle\vx_og_story_liziguangban.plist","811"
"C:\Program Files (x86)\Steam\steamapps\common\Badlanders\Package\UIScript\particle\vx_og_story_liziguangmao.plist","818"
"C:\Program Files (x86)\Steam\steamapps\common\Badlanders\Package\UIScript\particle\vx_og_talent_bg_dust_01.plist","786"
"C:\Program Files (x86)\Steam\steamapps\common\Badlanders\Package\UIScript\particle\vx_og_tv_blue.plist","2486"
"C:\Program Files (x86)\Steam\steamapps\common\Badlanders\Package\UIScript\particle\vx_og_tv_fire.plist","7561"
"C:\Program Files (x86)\Steam\steamapps\common\Badlanders\Package\UIScript\particle\vx_og_tv_smoke.plist","2497"
"C:\Program Files (x86)\Steam\steamapps\common\Badlanders\Package\UIScript\particle\vx_seasonlevel_smoke.plist","2454"
